concurrency,repetition,job_id,url,client_latency_s,server_proc_s,num_speakers,upload_save_s,queue_wait_s,load_audio_s,prepare_asr_model_s,transcribe_s,prepare_align_model_s,align_s,prepare_diarize_model_s,diarize_s,assign_speakers_s,format_outputs_s,write_outputs_s,pipeline_s,processing_s,persist_metadata_s,total_server_s
1,1,0-42591bb9f4a3,http://localhost:8357,10.211588,8.59128,5,0.013589,0.000117,0.148882,7e-06,1.880229,5e-06,2.869583,6e-06,3.213144,0.469878,0.000223,0.000222,8.582492,8.591312,0.005313,8.610449
1,2,0-3c480e2bd71e,http://localhost:8357,10.192037,8.705212,5,0.013386,0.000123,0.274425,6e-06,1.868091,6e-06,2.88463,6e-06,3.214353,0.454045,0.000227,0.000174,8.696329,8.705243,0.005335,8.724205
1,3,1-963a87637b29,http://localhost:8357,10.183486,8.708649,5,0.014867,0.000126,0.11797,7e-06,1.881846,6e-06,3.03475,6e-06,3.203346,0.469683,0.000211,0.00015,8.708253,8.70868,0.005237,8.729037
1,4,1-24f66b7cbef5,http://localhost:8357,10.167235,8.645828,5,0.014633,0.000119,0.108292,7e-06,1.85212,7e-06,3.030918,6e-06,3.194713,0.458642,0.000215,0.000185,8.645452,8.645861,0.005674,8.666411
1,5,0-49919e66796a,http://localhost:8357,10.175791,8.681399,5,0.01488,0.000115,0.217777,5e-06,1.889991,6e-06,2.871553,6e-06,3.214056,0.47871,0.000224,0.000172,8.672803,8.681428,0.005222,8.701776
2,1,0-361c0026d886,http://localhost:8357,14.270765,13.254073,5,0.014309,0.000128,0.149386,1e-05,3.540087,7e-06,2.880666,6e-06,6.190099,0.484056,0.000268,0.000174,13.245074,13.25411,0.005571,13.274253
2,1,1-c88266aa7baf,http://localhost:8357,14.299494,13.36161,5,0.013372,0.000114,0.123448,8e-06,3.556755,5e-06,3.016913,5e-06,6.185894,0.477403,0.000229,0.000171,13.361216,13.361638,0.005246,13.380493
2,2,0-f71374c55a6a,http://localhost:8357,14.275382,13.328471,5,0.012787,0.000115,0.209497,7e-06,3.419312,6e-06,2.916361,6e-06,6.308274,0.4653,0.000221,0.000181,13.319511,13.3285,0.005197,13.346752
2,2,1-412302f62cdb,http://localhost:8357,14.290842,13.342903,5,0.014342,0.000153,0.113007,7e-06,3.363954,7e-06,3.084927,5e-06,6.30524,0.474713,0.00022,0.00016,13.342552,13.34296,0.005258,13.362829
2,3,1-a6cd6f86a372,http://localhost:8357,14.292221,13.228146,5,0.013735,0.000114,0.111714,8e-06,3.306216,7e-06,3.033623,6e-06,6.317711,0.457686,0.000256,0.000173,13.227727,13.228182,0.005665,13.247831
2,3,0-44740d676bf0,http://localhost:8357,14.307571,13.218118,5,0.014289,0.000126,0.218699,9e-06,3.317184,7e-06,2.877427,5e-06,6.334459,0.460873,0.000226,0.000155,13.209305,13.218148,0.005239,13.237921
2,4,0-aca259114ff0,http://localhost:8357,14.293102,13.306434,5,0.014675,0.000113,0.14989,9e-06,3.573358,6e-06,2.892249,6e-06,6.212918,0.468267,0.000226,0.000183,13.297483,13.306503,0.005631,13.327053
2,4,1-0f31750bffe5,http://localhost:8357,14.308175,13.38754,5,0.013282,0.000131,0.111087,7e-06,3.565637,1.1e-05,3.045821,5e-06,6.214476,0.44944,0.000213,0.000161,13.387163,13.387616,0.005753,13.406912
2,5,1-207d17e41b36,http://localhost:8357,14.307379,13.357842,5,0.013652,0.000102,0.114788,6e-06,3.275148,7e-06,3.324485,5e-06,6.160313,0.48194,0.000215,0.000156,13.357413,13.357881,0.005601,13.377358
2,5,0-0ac4c0513084,http://localhost:8357,14.322525,13.102857,5,0.013704,0.000116,0.318159,5e-06,3.246392,6e-06,2.885912,8e-06,6.17931,0.463418,0.000228,0.000179,13.093943,13.10289,0.005198,13.122022
3,1,0-6334eac85a90,http://localhost:8357,14.377112,13.366146,5,0.013437,0.000121,0.221993,5e-06,3.489535,6e-06,2.925429,3.8e-05,6.257887,0.461577,0.000232,0.000214,13.357241,13.366178,0.005235,13.385102
3,1,1-0a3d4d15edeb,http://localhost:8357,14.437586,13.423639,5,0.013337,0.000308,0.121389,5e-06,3.467054,7e-06,3.110273,5e-06,6.257245,0.466313,0.000247,0.000172,13.423027,13.423678,0.005679,13.443126
3,1,1-46aa05e3c9b2,http://localhost:8357,24.504085,8.709762,5,0.015078,13.379147,0.108735,7e-06,1.878805,7e-06,3.027017,6e-06,3.227345,0.465679,0.000253,0.001076,8.709313,8.709793,0.005554,22.109692
3,2,0-ba5d311bb90c,http://localhost:8357,14.377151,13.638971,5,0.013973,0.000126,0.152451,4e-06,3.559904,7e-06,3.172935,7e-06,6.262537,0.481884,0.000271,0.000178,13.6305,13.639006,0.005619,13.658846
3,2,1-2f0ed773be7c,http://localhost:8357,14.421937,13.465987,5,0.013781,0.000271,0.125565,7e-06,3.571697,5e-06,3.046071,6e-06,6.254723,0.466578,0.000215,0.000215,13.465409,13.466014,0.00527,13.48546
3,2,1-0847c78d3212,http://localhost:8357,24.562327,8.730571,5,0.016999,13.412458,0.108201,8e-06,1.878308,7e-06,3.037995,6e-06,3.225835,0.478437,0.000212,0.000163,8.73015,8.7306,0.005366,22.165522
3,3,1-696c85107f14,http://localhost:8357,14.293126,13.214325,5,0.013965,0.000145,0.113361,8e-06,3.287934,7e-06,3.047727,6e-06,6.314574,0.449556,0.000216,0.000166,13.213883,13.214356,0.005234,13.233827
3,3,0-87dd0c8ae602,http://localhost:8357,14.393114,13.212398,5,0.013784,0.000118,0.249001,5e-06,3.290684,6e-06,2.874775,7e-06,6.30888,0.47931,0.000221,0.000167,13.203375,13.212421,0.005153,13.231606
3,3,1-45eee11635ee,http://localhost:8357,22.428642,8.714439,5,0.016859,13.091644,0.107898,7e-06,1.87727,7e-06,3.033624,6e-06,3.229317,0.465304,0.00026,0.000174,8.714179,8.714469,0.005332,21.828438
3,4,0-ce1fd866051a,http://localhost:8357,14.40837,13.314228,5,0.013937,0.000111,0.238661,8e-06,3.330954,7e-06,2.895558,5e-06,6.363042,0.476959,0.000255,0.00015,13.305885,13.314255,0.00513,13.333549
3,4,1-6018e8950396,http://localhost:8357,14.415537,13.299755,5,0.015013,0.000204,0.112922,7e-06,3.335169,5e-06,3.056734,6e-06,6.338509,0.455136,0.000216,0.000171,13.299217,13.299791,0.005694,13.320837
3,4,1-2f2cf61384b1,http://localhost:8357,22.439093,8.725118,5,0.016376,13.204309,0.116084,8e-06,1.875576,7e-06,3.035886,6e-06,3.225319,0.47114,0.000212,0.000218,8.72479,8.72516,0.005699,21.951686
3,5,1-b231ec5c6ffb,http://localhost:8357,14.391145,13.384734,5,0.012187,0.000106,0.119561,1.4e-05,3.41556,7e-06,3.115074,5e-06,6.260329,0.473049,0.000206,0.000186,13.384375,13.384762,0.005201,13.402367
3,5,0-e807e8a6485c,http://localhost:8357,14.416745,13.246152,5,0.014215,0.000134,0.147841,4e-06,3.413471,7e-06,2.927031,6e-06,6.269535,0.478749,0.000227,0.000188,13.237394,13.246188,0.005629,13.266303
3,5,1-eb14c6cd9f52,http://localhost:8357,22.458732,8.733063,5,0.018218,13.296187,0.107833,7e-06,1.880463,7e-06,3.043696,6e-06,3.233203,0.466691,0.000209,0.000227,8.732681,8.733106,0.005693,22.05334
