concurrency,repetition,jobs_ok,jobs_failed,wall_s,lat_min_s,lat_mean_s,lat_max_s,server_proc_mean_s,lat_n,lat_mean,lat_median,lat_sd,lat_cv,lat_sem,lat_ci95_lo,lat_ci95_hi,lat_p25,lat_p75,lat_iqr,lat_p90,lat_p95,lat_min,lat_max,server_proc_n,server_proc_mean,server_proc_median,server_proc_sd,server_proc_cv,server_proc_sem,server_proc_ci95_lo,server_proc_ci95_hi,server_proc_p25,server_proc_p75,server_proc_iqr,server_proc_p90,server_proc_p95,server_proc_min,server_proc_max,server_upload_save_mean_s,server_upload_save_n,server_upload_save_mean,server_upload_save_median,server_upload_save_sd,server_upload_save_cv,server_upload_save_sem,server_upload_save_ci95_lo,server_upload_save_ci95_hi,server_upload_save_p25,server_upload_save_p75,server_upload_save_iqr,server_upload_save_p90,server_upload_save_p95,server_upload_save_min,server_upload_save_max,server_upload_save_pct_of_pipeline,server_queue_wait_mean_s,server_queue_wait_n,server_queue_wait_mean,server_queue_wait_median,server_queue_wait_sd,server_queue_wait_cv,server_queue_wait_sem,server_queue_wait_ci95_lo,server_queue_wait_ci95_hi,server_queue_wait_p25,server_queue_wait_p75,server_queue_wait_iqr,server_queue_wait_p90,server_queue_wait_p95,server_queue_wait_min,server_queue_wait_max,server_queue_wait_pct_of_pipeline,server_load_audio_mean_s,server_load_audio_n,server_load_audio_mean,server_load_audio_median,server_load_audio_sd,server_load_audio_cv,server_load_audio_sem,server_load_audio_ci95_lo,server_load_audio_ci95_hi,server_load_audio_p25,server_load_audio_p75,server_load_audio_iqr,server_load_audio_p90,server_load_audio_p95,server_load_audio_min,server_load_audio_max,server_load_audio_pct_of_pipeline,server_prepare_asr_model_mean_s,server_prepare_asr_model_n,server_prepare_asr_model_mean,server_prepare_asr_model_median,server_prepare_asr_model_sd,server_prepare_asr_model_cv,server_prepare_asr_model_sem,server_prepare_asr_model_ci95_lo,server_prepare_asr_model_ci95_hi,server_prepare_asr_model_p25,server_prepare_asr_model_p75,server_prepare_asr_model_iqr,server_prepare_asr_model_p90,server_prepare_asr_model_p95,server_prepare_asr_model_min,server_prepare_asr_model_max,server_prepare_asr_model_pct_of_pipeline,server_transcribe_mean_s,server_transcribe_n,server_transcribe_mean,server_transcribe_median,server_transcribe_sd,server_transcribe_cv,server_transcribe_sem,server_transcribe_ci95_lo,server_transcribe_ci95_hi,server_transcribe_p25,server_transcribe_p75,server_transcribe_iqr,server_transcribe_p90,server_transcribe_p95,server_transcribe_min,server_transcribe_max,server_transcribe_pct_of_pipeline,server_prepare_align_model_mean_s,server_prepare_align_model_n,server_prepare_align_model_mean,server_prepare_align_model_median,server_prepare_align_model_sd,server_prepare_align_model_cv,server_prepare_align_model_sem,server_prepare_align_model_ci95_lo,server_prepare_align_model_ci95_hi,server_prepare_align_model_p25,server_prepare_align_model_p75,server_prepare_align_model_iqr,server_prepare_align_model_p90,server_prepare_align_model_p95,server_prepare_align_model_min,server_prepare_align_model_max,server_prepare_align_model_pct_of_pipeline,server_align_mean_s,server_align_n,server_align_mean,server_align_median,server_align_sd,server_align_cv,server_align_sem,server_align_ci95_lo,server_align_ci95_hi,server_align_p25,server_align_p75,server_align_iqr,server_align_p90,server_align_p95,server_align_min,server_align_max,server_align_pct_of_pipeline,server_prepare_diarize_model_mean_s,server_prepare_diarize_model_n,server_prepare_diarize_model_mean,server_prepare_diarize_model_median,server_prepare_diarize_model_sd,server_prepare_diarize_model_cv,server_prepare_diarize_model_sem,server_prepare_diarize_model_ci95_lo,server_prepare_diarize_model_ci95_hi,server_prepare_diarize_model_p25,server_prepare_diarize_model_p75,server_prepare_diarize_model_iqr,server_prepare_diarize_model_p90,server_prepare_diarize_model_p95,server_prepare_diarize_model_min,server_prepare_diarize_model_max,server_prepare_diarize_model_pct_of_pipeline,server_diarize_mean_s,server_diarize_n,server_diarize_mean,server_diarize_median,server_diarize_sd,server_diarize_cv,server_diarize_sem,server_diarize_ci95_lo,server_diarize_ci95_hi,server_diarize_p25,server_diarize_p75,server_diarize_iqr,server_diarize_p90,server_diarize_p95,server_diarize_min,server_diarize_max,server_diarize_pct_of_pipeline,server_assign_speakers_mean_s,server_assign_speakers_n,server_assign_speakers_mean,server_assign_speakers_median,server_assign_speakers_sd,server_assign_speakers_cv,server_assign_speakers_sem,server_assign_speakers_ci95_lo,server_assign_speakers_ci95_hi,server_assign_speakers_p25,server_assign_speakers_p75,server_assign_speakers_iqr,server_assign_speakers_p90,server_assign_speakers_p95,server_assign_speakers_min,server_assign_speakers_max,server_assign_speakers_pct_of_pipeline,server_format_outputs_mean_s,server_format_outputs_n,server_format_outputs_mean,server_format_outputs_median,server_format_outputs_sd,server_format_outputs_cv,server_format_outputs_sem,server_format_outputs_ci95_lo,server_format_outputs_ci95_hi,server_format_outputs_p25,server_format_outputs_p75,server_format_outputs_iqr,server_format_outputs_p90,server_format_outputs_p95,server_format_outputs_min,server_format_outputs_max,server_format_outputs_pct_of_pipeline,server_write_outputs_mean_s,server_write_outputs_n,server_write_outputs_mean,server_write_outputs_median,server_write_outputs_sd,server_write_outputs_cv,server_write_outputs_sem,server_write_outputs_ci95_lo,server_write_outputs_ci95_hi,server_write_outputs_p25,server_write_outputs_p75,server_write_outputs_iqr,server_write_outputs_p90,server_write_outputs_p95,server_write_outputs_min,server_write_outputs_max,server_write_outputs_pct_of_pipeline,server_pipeline_mean_s,server_pipeline_n,server_pipeline_mean,server_pipeline_median,server_pipeline_sd,server_pipeline_cv,server_pipeline_sem,server_pipeline_ci95_lo,server_pipeline_ci95_hi,server_pipeline_p25,server_pipeline_p75,server_pipeline_iqr,server_pipeline_p90,server_pipeline_p95,server_pipeline_min,server_pipeline_max,server_pipeline_pct_of_pipeline,server_processing_mean_s,server_processing_n,server_processing_mean,server_processing_median,server_processing_sd,server_processing_cv,server_processing_sem,server_processing_ci95_lo,server_processing_ci95_hi,server_processing_p25,server_processing_p75,server_processing_iqr,server_processing_p90,server_processing_p95,server_processing_min,server_processing_max,server_processing_pct_of_pipeline,server_persist_metadata_mean_s,server_persist_metadata_n,server_persist_metadata_mean,server_persist_metadata_median,server_persist_metadata_sd,server_persist_metadata_cv,server_persist_metadata_sem,server_persist_metadata_ci95_lo,server_persist_metadata_ci95_hi,server_persist_metadata_p25,server_persist_metadata_p75,server_persist_metadata_iqr,server_persist_metadata_p90,server_persist_metadata_p95,server_persist_metadata_min,server_persist_metadata_max,server_persist_metadata_pct_of_pipeline,server_total_server_mean_s,server_total_server_n,server_total_server_mean,server_total_server_median,server_total_server_sd,server_total_server_cv,server_total_server_sem,server_total_server_ci95_lo,server_total_server_ci95_hi,server_total_server_p25,server_total_server_p75,server_total_server_iqr,server_total_server_p90,server_total_server_p95,server_total_server_min,server_total_server_max,server_total_server_pct_of_pipeline,gpu_peak_mem_MiB,gpu_mem_over_idle_MiB,gpu_mean_util_pct,gpu_peak_util_pct,gpu_busy_s,host_ram_peak_GiB,files_per_min,realtime_factor,cpu_cores_n,cpu_cores_mean,cpu_cores_median,cpu_cores_sd,cpu_cores_cv,cpu_cores_sem,cpu_cores_ci95_lo,cpu_cores_ci95_hi,cpu_cores_p25,cpu_cores_p75,cpu_cores_iqr,cpu_cores_p90,cpu_cores_p95,cpu_cores_min,cpu_cores_max,gpu_util_pct_n,gpu_util_pct_mean,gpu_util_pct_median,gpu_util_pct_sd,gpu_util_pct_cv,gpu_util_pct_sem,gpu_util_pct_ci95_lo,gpu_util_pct_ci95_hi,gpu_util_pct_p25,gpu_util_pct_p75,gpu_util_pct_iqr,gpu_util_pct_p90,gpu_util_pct_p95,gpu_util_pct_min,gpu_util_pct_max,gpu_mem_MiB_n,gpu_mem_MiB_mean,gpu_mem_MiB_median,gpu_mem_MiB_sd,gpu_mem_MiB_cv,gpu_mem_MiB_sem,gpu_mem_MiB_ci95_lo,gpu_mem_MiB_ci95_hi,gpu_mem_MiB_p25,gpu_mem_MiB_p75,gpu_mem_MiB_iqr,gpu_mem_MiB_p90,gpu_mem_MiB_p95,gpu_mem_MiB_min,gpu_mem_MiB_max,host_ram_GiB_n,host_ram_GiB_mean,host_ram_GiB_median,host_ram_GiB_sd,host_ram_GiB_cv,host_ram_GiB_sem,host_ram_GiB_ci95_lo,host_ram_GiB_ci95_hi,host_ram_GiB_p25,host_ram_GiB_p75,host_ram_GiB_iqr,host_ram_GiB_p90,host_ram_GiB_p95,host_ram_GiB_min,host_ram_GiB_max,gpu_power_W_n,gpu_power_W_mean,gpu_power_W_median,gpu_power_W_sd,gpu_power_W_cv,gpu_power_W_sem,gpu_power_W_ci95_lo,gpu_power_W_ci95_hi,gpu_power_W_p25,gpu_power_W_p75,gpu_power_W_iqr,gpu_power_W_p90,gpu_power_W_p95,gpu_power_W_min,gpu_power_W_max,gpu_energy_Wh,cpu_cores_over_idle,host_ram_over_idle_GiB,gpu_mem_per_job_MiB,cpu_cores_per_job,host_ram_per_job_GiB,containers_sampled,container_cpu_cores_peak_sum,container_cpu_cores_peak_max,container_ram_GiB_peak_sum,container_ram_GiB_peak_max,container_cpu_imbalance,speedup_vs_c1,parallel_efficiency_pct,karp_flatt_serial_fraction
1,1,1,0,10.195,10.193,10.193,10.193,8.689,1,10.193,10.193,0.0,0.0,0.0,,,10.193,10.193,0.0,10.193,10.193,10.193,10.193,1,8.689,8.689,0.0,0.0,0.0,,,8.689,8.689,0.0,8.689,8.689,8.689,8.689,0.014326,1,0.014326,0.014326,0.0,0.0,0.0,,,0.014326,0.014326,0.0,0.014326,0.014326,0.014326,0.014326,0.16,0.000118,1,0.000118,0.000118,0.0,0.0,0.0,,,0.000118,0.000118,0.0,0.000118,0.000118,0.000118,0.000118,0.0,0.108039,1,0.108039,0.108039,0.0,0.0,0.0,,,0.108039,0.108039,0.0,0.108039,0.108039,0.108039,0.108039,1.24,7e-06,1,7e-06,7e-06,0.0,0.0,0.0,,,7e-06,7e-06,0.0,7e-06,7e-06,7e-06,7e-06,0.0,1.882187,1,1.882187,1.882187,0.0,0.0,0.0,,,1.882187,1.882187,0.0,1.882187,1.882187,1.882187,1.882187,21.66,7e-06,1,7e-06,7e-06,0.0,0.0,0.0,,,7e-06,7e-06,0.0,7e-06,7e-06,7e-06,7e-06,0.0,3.029297,1,3.029297,3.029297,0.0,0.0,0.0,,,3.029297,3.029297,0.0,3.029297,3.029297,3.029297,3.029297,34.87,7e-06,1,7e-06,7e-06,0.0,0.0,0.0,,,7e-06,7e-06,0.0,7e-06,7e-06,7e-06,7e-06,0.0,3.198775,1,3.198775,3.198775,0.0,0.0,0.0,,,3.198775,3.198775,0.0,3.198775,3.198775,3.198775,3.198775,36.82,0.469376,1,0.469376,0.469376,0.0,0.0,0.0,,,0.469376,0.469376,0.0,0.469376,0.469376,0.469376,0.469376,5.4,0.000241,1,0.000241,0.000241,0.0,0.0,0.0,,,0.000241,0.000241,0.0,0.000241,0.000241,0.000241,0.000241,0.0,0.000194,1,0.000194,0.000194,0.0,0.0,0.0,,,0.000194,0.000194,0.0,0.000194,0.000194,0.000194,0.000194,0.0,8.688459,1,8.688459,8.688459,0.0,0.0,0.0,,,8.688459,8.688459,0.0,8.688459,8.688459,8.688459,8.688459,100.0,8.6889,1,8.6889,8.6889,0.0,0.0,0.0,,,8.6889,8.6889,0.0,8.6889,8.6889,8.6889,8.6889,100.01,0.005771,1,0.005771,0.005771,0.0,0.0,0.0,,,0.005771,0.005771,0.0,0.005771,0.005771,0.005771,0.005771,0.07,8.709256,1,8.709256,8.709256,0.0,0.0,0.0,,,8.709256,8.709256,0.0,8.709256,8.709256,8.709256,8.709256,100.24,22369,3744,46.7,100,4.8,19.2,5.89,46.88,19,1.64,1.67,0.8,0.485,0.18,1.26,2.03,1.36,1.92,0.56,2.81,2.88,0.17,3.19,19,46.7,58.0,44.5,0.9537,10.2,25.2,68.1,0.0,92.0,92.0,94.4,96.4,0.0,100.0,19,18992.0,18625.0,1103.0,0.0581,253.0,18460.0,19524.0,18625.0,18625.0,0.0,19271.0,21908.0,18625.0,22369.0,19,19.17,19.16,0.03,0.0013,0.01,19.15,19.18,19.16,19.18,0.03,19.2,19.2,19.12,19.2,19,161.8,135.4,92.1,0.5691,21.1,117.4,206.2,79.4,235.7,156.2,299.5,299.6,61.5,299.8,0.46,2.82,0.08,3744,2.82,0.08,3,1.48,1.37,6.32,3.96,1.37,0.999,99.9,
1,2,1,0,10.177,10.174,10.174,10.174,8.598,1,10.174,10.174,0.0,0.0,0.0,,,10.174,10.174,0.0,10.174,10.174,10.174,10.174,1,8.598,8.598,0.0,0.0,0.0,,,8.598,8.598,0.0,8.598,8.598,8.598,8.598,0.012849,1,0.012849,0.012849,0.0,0.0,0.0,,,0.012849,0.012849,0.0,0.012849,0.012849,0.012849,0.012849,0.15,0.00012,1,0.00012,0.00012,0.0,0.0,0.0,,,0.00012,0.00012,0.0,0.00012,0.00012,0.00012,0.00012,0.0,0.152426,1,0.152426,0.152426,0.0,0.0,0.0,,,0.152426,0.152426,0.0,0.152426,0.152426,0.152426,0.152426,1.77,7e-06,1,7e-06,7e-06,0.0,0.0,0.0,,,7e-06,7e-06,0.0,7e-06,7e-06,7e-06,7e-06,0.0,1.887057,1,1.887057,1.887057,0.0,0.0,0.0,,,1.887057,1.887057,0.0,1.887057,1.887057,1.887057,1.887057,21.97,7e-06,1,7e-06,7e-06,0.0,0.0,0.0,,,7e-06,7e-06,0.0,7e-06,7e-06,7e-06,7e-06,0.0,2.883262,1,2.883262,2.883262,0.0,0.0,0.0,,,2.883262,2.883262,0.0,2.883262,2.883262,2.883262,2.883262,33.57,6e-06,1,6e-06,6e-06,0.0,0.0,0.0,,,6e-06,6e-06,0.0,6e-06,6e-06,6e-06,6e-06,0.0,3.199447,1,3.199447,3.199447,0.0,0.0,0.0,,,3.199447,3.199447,0.0,3.199447,3.199447,3.199447,3.199447,37.25,0.466143,1,0.466143,0.466143,0.0,0.0,0.0,,,0.466143,0.466143,0.0,0.466143,0.466143,0.466143,0.466143,5.43,0.000219,1,0.000219,0.000219,0.0,0.0,0.0,,,0.000219,0.000219,0.0,0.000219,0.000219,0.000219,0.000219,0.0,0.000192,1,0.000192,0.000192,0.0,0.0,0.0,,,0.000192,0.000192,0.0,0.000192,0.000192,0.000192,0.000192,0.0,8.589079,1,8.589079,8.589079,0.0,0.0,0.0,,,8.589079,8.589079,0.0,8.589079,8.589079,8.589079,8.589079,100.0,8.598044,1,8.598044,8.598044,0.0,0.0,0.0,,,8.598044,8.598044,0.0,8.598044,8.598044,8.598044,8.598044,100.1,0.00586,1,0.00586,0.00586,0.0,0.0,0.0,,,0.00586,0.00586,0.0,0.00586,0.00586,0.00586,0.00586,0.07,8.616998,1,8.616998,8.616998,0.0,0.0,0.0,,,8.616998,8.616998,0.0,8.616998,8.616998,8.616998,8.616998,100.33,22401,3776,44.5,100,4.5,19.29,5.9,46.96,19,1.64,1.7,0.81,0.4973,0.19,1.24,2.03,1.34,1.99,0.65,2.59,2.84,0.15,3.31,19,44.5,47.0,43.3,0.9714,9.9,23.7,65.4,0.0,89.5,89.5,95.2,96.4,0.0,100.0,19,18996.0,18625.0,1113.0,0.0586,255.0,18459.0,19532.0,18625.0,18625.0,0.0,19278.0,21940.0,18625.0,22401.0,19,19.21,19.22,0.05,0.0028,0.01,19.18,19.23,19.17,19.24,0.08,19.25,19.26,19.1,19.29,19,165.0,141.6,90.7,0.5499,20.8,121.3,208.8,81.8,241.8,160.0,299.4,300.0,61.1,305.8,0.47,2.94,0.16,3776,2.94,0.16,3,1.81,1.81,6.38,3.95,1.81,1.001,100.1,
1,3,1,0,10.193,10.19,10.19,10.19,8.689,1,10.19,10.19,0.0,0.0,0.0,,,10.19,10.19,0.0,10.19,10.19,10.19,10.19,1,8.689,8.689,0.0,0.0,0.0,,,8.689,8.689,0.0,8.689,8.689,8.689,8.689,0.014731,1,0.014731,0.014731,0.0,0.0,0.0,,,0.014731,0.014731,0.0,0.014731,0.014731,0.014731,0.014731,0.17,0.000119,1,0.000119,0.000119,0.0,0.0,0.0,,,0.000119,0.000119,0.0,0.000119,0.000119,0.000119,0.000119,0.0,0.222485,1,0.222485,0.222485,0.0,0.0,0.0,,,0.222485,0.222485,0.0,0.222485,0.222485,0.222485,0.222485,2.56,6e-06,1,6e-06,6e-06,0.0,0.0,0.0,,,6e-06,6e-06,0.0,6e-06,6e-06,6e-06,6e-06,0.0,1.886401,1,1.886401,1.886401,0.0,0.0,0.0,,,1.886401,1.886401,0.0,1.886401,1.886401,1.886401,1.886401,21.73,6e-06,1,6e-06,6e-06,0.0,0.0,0.0,,,6e-06,6e-06,0.0,6e-06,6e-06,6e-06,6e-06,0.0,2.8834,1,2.8834,2.8834,0.0,0.0,0.0,,,2.8834,2.8834,0.0,2.8834,2.8834,2.8834,2.8834,33.22,6e-06,1,6e-06,6e-06,0.0,0.0,0.0,,,6e-06,6e-06,0.0,6e-06,6e-06,6e-06,6e-06,0.0,3.197213,1,3.197213,3.197213,0.0,0.0,0.0,,,3.197213,3.197213,0.0,3.197213,3.197213,3.197213,3.197213,36.84,0.489346,1,0.489346,0.489346,0.0,0.0,0.0,,,0.489346,0.489346,0.0,0.489346,0.489346,0.489346,0.489346,5.64,0.000228,1,0.000228,0.000228,0.0,0.0,0.0,,,0.000228,0.000228,0.0,0.000228,0.000228,0.000228,0.000228,0.0,0.000166,1,0.000166,0.000166,0.0,0.0,0.0,,,0.000166,0.000166,0.0,0.000166,0.000166,0.000166,0.000166,0.0,8.679571,1,8.679571,8.679571,0.0,0.0,0.0,,,8.679571,8.679571,0.0,8.679571,8.679571,8.679571,8.679571,100.0,8.689057,1,8.689057,8.689057,0.0,0.0,0.0,,,8.689057,8.689057,0.0,8.689057,8.689057,8.689057,8.689057,100.11,0.005596,1,0.005596,0.005596,0.0,0.0,0.0,,,0.005596,0.005596,0.0,0.005596,0.005596,0.005596,0.005596,0.06,8.709624,1,8.709624,8.709624,0.0,0.0,0.0,,,8.709624,8.709624,0.0,8.709624,8.709624,8.709624,8.709624,100.35,22401,3776,50.3,100,5.1,19.25,5.89,46.89,19,1.63,1.67,0.76,0.4684,0.18,1.26,2.0,1.26,1.98,0.72,2.46,2.63,0.15,3.41,19,50.3,78.0,44.8,0.8905,10.3,28.7,71.8,0.0,91.0,91.0,95.2,96.4,0.0,100.0,19,19194.0,18625.0,1354.0,0.0706,311.0,18542.0,19847.0,18625.0,18625.0,0.0,21991.0,22401.0,18625.0,22401.0,19,19.2,19.19,0.04,0.0019,0.01,19.19,19.22,19.18,19.24,0.06,19.25,19.25,19.12,19.25,19,163.8,146.9,91.2,0.5568,20.9,119.9,207.8,82.9,239.7,156.8,299.9,300.1,61.6,300.5,0.46,3.04,0.13,3776,3.04,0.13,3,2.34,2.34,6.38,3.95,2.34,0.999,99.9,
1,4,1,0,10.168,10.164,10.164,10.164,8.707,1,10.164,10.164,0.0,0.0,0.0,,,10.164,10.164,0.0,10.164,10.164,10.164,10.164,1,8.707,8.707,0.0,0.0,0.0,,,8.707,8.707,0.0,8.707,8.707,8.707,8.707,0.013358,1,0.013358,0.013358,0.0,0.0,0.0,,,0.013358,0.013358,0.0,0.013358,0.013358,0.013358,0.013358,0.15,0.000118,1,0.000118,0.000118,0.0,0.0,0.0,,,0.000118,0.000118,0.0,0.000118,0.000118,0.000118,0.000118,0.0,0.114819,1,0.114819,0.114819,0.0,0.0,0.0,,,0.114819,0.114819,0.0,0.114819,0.114819,0.114819,0.114819,1.32,8e-06,1,8e-06,8e-06,0.0,0.0,0.0,,,8e-06,8e-06,0.0,8e-06,8e-06,8e-06,8e-06,0.0,1.876655,1,1.876655,1.876655,0.0,0.0,0.0,,,1.876655,1.876655,0.0,1.876655,1.876655,1.876655,1.876655,21.55,7e-06,1,7e-06,7e-06,0.0,0.0,0.0,,,7e-06,7e-06,0.0,7e-06,7e-06,7e-06,7e-06,0.0,3.046178,1,3.046178,3.046178,0.0,0.0,0.0,,,3.046178,3.046178,0.0,3.046178,3.046178,3.046178,3.046178,34.99,6e-06,1,6e-06,6e-06,0.0,0.0,0.0,,,6e-06,6e-06,0.0,6e-06,6e-06,6e-06,6e-06,0.0,3.194269,1,3.194269,3.194269,0.0,0.0,0.0,,,3.194269,3.194269,0.0,3.194269,3.194269,3.194269,3.194269,36.69,0.473904,1,0.473904,0.473904,0.0,0.0,0.0,,,0.473904,0.473904,0.0,0.473904,0.473904,0.473904,0.473904,5.44,0.000243,1,0.000243,0.000243,0.0,0.0,0.0,,,0.000243,0.000243,0.0,0.000243,0.000243,0.000243,0.000243,0.0,0.000167,1,0.000167,0.000167,0.0,0.0,0.0,,,0.000167,0.000167,0.0,0.000167,0.000167,0.000167,0.000167,0.0,8.706569,1,8.706569,8.706569,0.0,0.0,0.0,,,8.706569,8.706569,0.0,8.706569,8.706569,8.706569,8.706569,100.0,8.706943,1,8.706943,8.706943,0.0,0.0,0.0,,,8.706943,8.706943,0.0,8.706943,8.706943,8.706943,8.706943,100.0,0.005168,1,0.005168,0.005168,0.0,0.0,0.0,,,0.005168,0.005168,0.0,0.005168,0.005168,0.005168,0.005168,0.06,8.725713,1,8.725713,8.725713,0.0,0.0,0.0,,,8.725713,8.725713,0.0,8.725713,8.725713,8.725713,8.725713,100.22,22369,3744,45.4,100,4.6,19.25,5.9,47.0,19,1.66,1.66,0.87,0.5224,0.2,1.24,2.08,1.27,2.02,0.75,3.0,3.1,0.24,3.49,19,45.4,28.0,44.9,0.9903,10.3,23.7,67.0,0.0,91.0,91.0,95.0,95.5,0.0,100.0,19,19019.0,18625.0,1180.0,0.0621,271.0,18450.0,19588.0,18625.0,18625.0,0.0,19374.0,22369.0,18625.0,22369.0,19,19.22,19.23,0.03,0.0015,0.01,19.2,19.23,19.2,19.24,0.04,19.24,19.25,19.15,19.25,19,165.3,127.6,91.2,0.5518,20.9,121.3,209.3,82.2,231.8,149.7,300.0,300.5,62.0,303.4,0.47,3.12,0.13,3744,3.12,0.13,3,1.48,1.48,6.31,3.95,1.48,1.001,100.1,
1,5,1,0,10.169,10.166,10.166,10.166,8.947,1,10.166,10.166,0.0,0.0,0.0,,,10.166,10.166,0.0,10.166,10.166,10.166,10.166,1,8.947,8.947,0.0,0.0,0.0,,,8.947,8.947,0.0,8.947,8.947,8.947,8.947,0.014815,1,0.014815,0.014815,0.0,0.0,0.0,,,0.014815,0.014815,0.0,0.014815,0.014815,0.014815,0.014815,0.17,0.000141,1,0.000141,0.000141,0.0,0.0,0.0,,,0.000141,0.000141,0.0,0.000141,0.000141,0.000141,0.000141,0.0,0.114084,1,0.114084,0.114084,0.0,0.0,0.0,,,0.114084,0.114084,0.0,0.114084,0.114084,0.114084,0.114084,1.28,7e-06,1,7e-06,7e-06,0.0,0.0,0.0,,,7e-06,7e-06,0.0,7e-06,7e-06,7e-06,7e-06,0.0,1.881699,1,1.881699,1.881699,0.0,0.0,0.0,,,1.881699,1.881699,0.0,1.881699,1.881699,1.881699,1.881699,21.03,7e-06,1,7e-06,7e-06,0.0,0.0,0.0,,,7e-06,7e-06,0.0,7e-06,7e-06,7e-06,7e-06,0.0,3.277712,1,3.277712,3.277712,0.0,0.0,0.0,,,3.277712,3.277712,0.0,3.277712,3.277712,3.277712,3.277712,36.64,6e-06,1,6e-06,6e-06,0.0,0.0,0.0,,,6e-06,6e-06,0.0,6e-06,6e-06,6e-06,6e-06,0.0,3.19936,1,3.19936,3.19936,0.0,0.0,0.0,,,3.19936,3.19936,0.0,3.19936,3.19936,3.19936,3.19936,35.76,0.472655,1,0.472655,0.472655,0.0,0.0,0.0,,,0.472655,0.472655,0.0,0.472655,0.472655,0.472655,0.472655,5.28,0.000211,1,0.000211,0.000211,0.0,0.0,0.0,,,0.000211,0.000211,0.0,0.000211,0.000211,0.000211,0.000211,0.0,0.00017,1,0.00017,0.00017,0.0,0.0,0.0,,,0.00017,0.00017,0.0,0.00017,0.00017,0.00017,0.00017,0.0,8.946277,1,8.946277,8.946277,0.0,0.0,0.0,,,8.946277,8.946277,0.0,8.946277,8.946277,8.946277,8.946277,100.0,8.946843,1,8.946843,8.946843,0.0,0.0,0.0,,,8.946843,8.946843,0.0,8.946843,8.946843,8.946843,8.946843,100.01,0.005754,1,0.005754,0.005754,0.0,0.0,0.0,,,0.005754,0.005754,0.0,0.005754,0.005754,0.005754,0.005754,0.06,8.967714,1,8.967714,8.967714,0.0,0.0,0.0,,,8.967714,8.967714,0.0,8.967714,8.967714,8.967714,8.967714,100.24,22369,3744,37.1,96,3.8,19.28,5.9,47.0,19,1.73,1.76,0.76,0.438,0.17,1.36,2.09,1.36,2.12,0.77,2.86,2.99,0.23,3.16,19,37.1,5.0,44.3,1.1963,10.2,15.7,58.4,0.0,91.5,91.5,92.6,95.1,0.0,96.0,19,19124.0,18625.0,1230.0,0.0643,282.0,18530.0,19717.0,18625.0,18625.0,0.0,20961.0,22369.0,18625.0,22369.0,19,19.25,19.26,0.02,0.0012,0.01,19.24,19.27,19.24,19.27,0.03,19.28,19.28,19.19,19.28,19,164.7,135.7,91.3,0.5544,20.9,120.7,208.7,80.8,255.9,175.1,299.6,300.5,62.4,301.3,0.47,2.79,0.16,3744,2.79,0.16,3,1.98,1.96,6.31,3.95,1.96,1.001,100.1,
2,1,2,0,14.301,14.277,14.286,14.295,13.433,2,14.286,14.286,0.012,0.0009,0.009,14.174,14.397,14.281,14.29,0.009,14.293,14.294,14.277,14.295,2,13.433,13.433,0.005,0.0004,0.004,13.384,13.482,13.431,13.435,0.004,13.436,13.437,13.43,13.437,0.013778,2,0.013778,0.013778,0.000367,0.0266,0.00026,0.01048,0.017075,0.013648,0.013907,0.00026,0.013985,0.014011,0.013518,0.014037,0.1,0.000148,2,0.000148,0.000148,1.1e-05,0.0719,8e-06,5.2e-05,0.000243,0.000144,0.000151,7e-06,0.000153,0.000154,0.00014,0.000155,0.0,0.157646,2,0.157646,0.157646,0.051665,0.3277,0.036532,-0.306535,0.621828,0.13938,0.175913,0.036533,0.186872,0.190526,0.121114,0.194179,1.17,7e-06,2,7e-06,7e-06,0.0,0.0,0.0,7e-06,7e-06,7e-06,7e-06,0.0,7e-06,7e-06,7e-06,7e-06,0.0,3.501367,2,3.501367,3.501367,0.043223,0.0123,0.030564,3.113028,3.889707,3.486086,3.516649,0.030563,3.525818,3.528875,3.470804,3.531931,26.07,6e-06,2,6e-06,6e-06,1e-06,0.2357,1e-06,-7e-06,1.9e-05,5e-06,7e-06,1e-06,7e-06,7e-06,5e-06,7e-06,0.0,3.002376,2,3.002376,3.002376,0.106524,0.0355,0.075324,2.045309,3.959443,2.964714,3.040038,0.075324,3.062635,3.070168,2.927052,3.0777,22.36,5e-06,2,5e-06,5e-06,1e-06,0.1286,0.0,-1e-06,1.2e-05,5e-06,6e-06,0.0,6e-06,6e-06,5e-06,6e-06,0.0,6.303095,2,6.303095,6.303095,0.0216,0.0034,0.015273,6.10903,6.497161,6.295459,6.310732,0.015274,6.315314,6.316842,6.287822,6.318369,46.94,0.46352,2,0.46352,0.46352,0.010434,0.0225,0.007378,0.369775,0.557265,0.459831,0.467209,0.007378,0.469422,0.47016,0.456142,0.470898,3.45,0.000231,2,0.000231,0.000231,1.8e-05,0.0767,1.2e-05,7.2e-05,0.000389,0.000224,0.000237,1.3e-05,0.00024,0.000242,0.000218,0.000243,0.0,0.000164,2,0.000164,0.000164,1e-06,0.0043,0.0,0.000158,0.000171,0.000164,0.000165,0.0,0.000165,0.000165,0.000164,0.000165,0.0,13.428736,2,13.428736,13.428736,0.000496,0.0,0.000351,13.424283,13.43319,13.428561,13.428912,0.000351,13.429017,13.429052,13.428386,13.429087,100.0,13.433414,2,13.433414,13.433414,0.005462,0.0004,0.003863,13.384337,13.48249,13.431482,13.435345,0.003863,13.436504,13.43689,13.429551,13.437276,100.03,0.005311,2,0.005311,0.005311,6e-05,0.0113,4.3e-05,0.00477,0.005851,0.005289,0.005332,4.2e-05,0.005345,0.005349,0.005268,0.005353,0.04,13.452772,2,13.452772,13.452772,0.005172,0.0004,0.003658,13.406299,13.499244,13.450943,13.4546,0.003658,13.455697,13.456063,13.449114,13.456429,100.18,26145,7520,71.0,100,10.2,19.31,8.39,66.83,26,2.96,2.68,0.94,0.3162,0.18,2.58,3.33,2.52,3.17,0.65,4.46,4.78,0.77,5.15,26,71.0,95.0,41.7,0.5866,8.2,54.2,87.8,30.8,100.0,69.2,100.0,100.0,0.0,100.0,26,19992.0,18625.0,2867.0,0.1434,562.0,18834.0,21150.0,18625.0,18625.0,0.0,25633.0,26145.0,18625.0,26145.0,26,19.25,19.24,0.03,0.0014,0.01,19.23,19.26,19.23,19.26,0.03,19.28,19.29,19.2,19.31,26,212.6,252.9,89.7,0.4221,17.6,176.4,248.9,118.4,299.9,181.6,300.0,300.1,62.6,301.5,0.84,4.78,0.19,3760,2.39,0.09,3,2.48,1.24,6.38,3.95,1.24,1.423,71.1,0.4055
2,2,2,0,14.298,14.275,14.282,14.29,13.349,2,14.282,14.282,0.011,0.0008,0.008,14.182,14.383,14.279,14.286,0.008,14.289,14.29,14.275,14.29,2,13.349,13.349,0.052,0.0039,0.036,12.885,13.812,13.33,13.367,0.036,13.378,13.381,13.312,13.385,0.014207,2,0.014207,0.014207,0.000304,0.0214,0.000215,0.011475,0.016939,0.014099,0.014315,0.000215,0.014379,0.014401,0.013992,0.014422,0.11,0.000122,2,0.000122,0.000122,9e-06,0.075,6e-06,4e-05,0.000205,0.000119,0.000126,6e-06,0.000128,0.000128,0.000116,0.000129,0.0,0.129681,2,0.129681,0.129681,0.018492,0.1426,0.013076,-0.036463,0.295825,0.123143,0.136219,0.013076,0.140142,0.141449,0.116605,0.142757,0.97,5e-06,2,5e-06,5e-06,0.0,0.0,0.0,5e-06,5e-06,5e-06,5e-06,0.0,5e-06,5e-06,5e-06,5e-06,0.0,3.533322,2,3.533322,3.533322,0.017789,0.005,0.012579,3.373493,3.693151,3.527032,3.539612,0.012579,3.543385,3.544643,3.520743,3.545901,26.48,5e-06,2,5e-06,5e-06,1e-06,0.1571,1e-06,-2e-06,1.1e-05,4e-06,5e-06,1e-06,5e-06,5e-06,4e-06,5e-06,0.0,2.983128,2,2.983128,2.983128,0.111242,0.0373,0.07866,1.983674,3.982582,2.943798,3.022458,0.07866,3.046056,3.053922,2.904468,3.061788,22.36,7e-06,2,7e-06,7e-06,1e-06,0.1088,0.0,0.0,1.3e-05,6e-06,7e-06,0.0,7e-06,7e-06,6e-06,7e-06,0.0,6.202889,2,6.202889,6.202889,0.002802,0.0005,0.001981,6.177718,6.22806,6.201899,6.203879,0.001981,6.204474,6.204672,6.200908,6.20487,46.48,0.494355,2,0.494355,0.494355,0.02036,0.0412,0.014397,0.311427,0.677283,0.487156,0.501553,0.014397,0.505873,0.507312,0.479958,0.508752,3.7,0.000239,2,0.000239,0.000239,1.8e-05,0.0769,1.3e-05,7.4e-05,0.000404,0.000232,0.000246,1.3e-05,0.000249,0.000251,0.000226,0.000252,0.0,0.00022,2,0.00022,0.00022,5.9e-05,0.2662,4.2e-05,-0.000307,0.000748,0.0002,0.000241,4.2e-05,0.000254,0.000258,0.000179,0.000262,0.0,13.344178,2,13.344178,13.344178,0.057347,0.0043,0.040551,12.828943,13.859412,13.323902,13.364453,0.040551,13.376618,13.380673,13.303627,13.384728,100.0,13.34861,2,13.34861,13.34861,0.051598,0.0039,0.036485,12.885032,13.812188,13.330367,13.366853,0.036485,13.377798,13.381446,13.312125,13.385095,100.03,0.00522,2,0.00522,0.00522,2.8e-05,0.0053,1.9e-05,0.004973,0.005468,0.005211,0.00523,1.9e-05,0.005236,0.005238,0.005201,0.00524,0.04,13.368298,2,13.368298,13.368298,0.051913,0.0039,0.036708,12.901886,13.83471,13.349944,13.386652,0.036708,13.397664,13.401335,13.33159,13.405006,100.18,26145,7520,71.1,100,10.2,19.34,8.39,66.85,26,2.92,2.72,0.85,0.2904,0.17,2.58,3.26,2.59,3.04,0.45,4.14,4.72,0.88,5.07,26,71.1,93.5,38.3,0.5385,7.5,55.6,86.5,25.8,100.0,74.2,100.0,100.0,0.0,100.0,26,20282.0,18625.0,3094.0,0.1525,607.0,19032.0,21531.0,18625.0,18625.0,0.0,26145.0,26145.0,18625.0,26145.0,26,19.28,19.3,0.05,0.0027,0.01,19.26,19.3,19.25,19.33,0.08,19.34,19.34,19.18,19.34,26,215.8,246.2,88.0,0.4078,17.3,180.2,251.4,111.7,300.0,188.3,300.1,300.3,64.2,307.1,0.86,4.7,0.22,3760,2.35,0.11,3,4.59,2.31,6.38,3.95,2.31,1.423,71.1,0.4055
2,3,2,0,14.314,14.291,14.299,14.306,13.226,2,14.299,14.299,0.011,0.0008,0.008,14.201,14.397,14.295,14.302,0.008,14.305,14.306,14.291,14.306,2,13.226,13.226,0.006,0.0005,0.005,13.169,13.283,13.224,13.228,0.005,13.23,13.23,13.222,13.231,0.014183,2,0.014183,0.014183,0.000764,0.0539,0.000541,0.007315,0.02105,0.013912,0.014453,0.000541,0.014615,0.014669,0.013642,0.014723,0.11,0.000122,2,0.000122,0.000122,1.1e-05,0.0866,7e-06,2.7e-05,0.000218,0.000119,0.000126,8e-06,0.000128,0.000129,0.000115,0.00013,0.0,0.204288,2,0.204288,0.204288,0.129331,0.6331,0.09145,-0.957682,1.366259,0.158563,0.250014,0.09145,0.277449,0.286594,0.112838,0.295739,1.55,5e-06,2,5e-06,5e-06,1e-06,0.1571,1e-06,-2e-06,1.1e-05,4e-06,5e-06,1e-06,5e-06,5e-06,4e-06,5e-06,0.0,3.287658,2,3.287658,3.287658,0.013282,0.004,0.009392,3.168323,3.406993,3.282962,3.292354,0.009392,3.295172,3.296111,3.278266,3.29705,24.87,7e-06,2,7e-06,7e-06,1e-06,0.1088,0.0,0.0,1.3e-05,6e-06,7e-06,0.0,7e-06,7e-06,6e-06,7e-06,0.0,2.960122,2,2.960122,2.960122,0.126395,0.0427,0.089375,1.82453,4.095715,2.915435,3.00481,0.089375,3.031622,3.04056,2.870748,3.049497,22.39,5e-06,2,5e-06,5e-06,1e-06,0.1286,0.0,-1e-06,1.2e-05,5e-06,6e-06,0.0,6e-06,6e-06,5e-06,6e-06,0.0,6.302765,2,6.302765,6.302765,0.014417,0.0023,0.010195,6.173234,6.432297,6.297668,6.307863,0.010194,6.310921,6.311941,6.292571,6.31296,47.67,0.465988,2,0.465988,0.465988,0.003493,0.0075,0.00247,0.434604,0.497372,0.464753,0.467223,0.00247,0.467964,0.468211,0.463518,0.468458,3.52,0.000216,2,0.000216,0.000216,3e-06,0.0131,2e-06,0.000191,0.000241,0.000215,0.000217,2e-06,0.000218,0.000218,0.000214,0.000218,0.0,0.000161,2,0.000161,0.000161,1e-05,0.0615,7e-06,7.2e-05,0.00025,0.000158,0.000164,7e-06,0.000167,0.000167,0.000154,0.000168,0.0,13.221526,2,13.221526,13.221526,0.00053,0.0,0.000375,13.216761,13.226291,13.221339,13.221713,0.000375,13.221826,13.221864,13.221151,13.221901,100.0,13.226176,2,13.226176,13.226176,0.006372,0.0005,0.004506,13.168923,13.283429,13.223923,13.228429,0.004506,13.229781,13.230231,13.22167,13.230682,100.04,0.00557,2,0.00557,0.00557,0.000412,0.074,0.000292,0.001867,0.009274,0.005425,0.005716,0.000292,0.005804,0.005833,0.005279,0.005862,0.04,13.246174,2,13.246174,13.246174,0.005177,0.0004,0.00366,13.199664,13.292685,13.244344,13.248005,0.003661,13.249103,13.249469,13.242514,13.249835,100.19,26145,7520,67.8,100,9.7,19.39,8.38,66.77,26,2.87,2.65,1.0,0.3475,0.2,2.47,3.27,2.44,3.12,0.68,4.41,4.88,0.64,4.88,26,67.8,96.5,43.2,0.6378,8.5,50.3,85.2,17.2,100.0,82.8,100.0,100.0,0.0,100.0,26,20012.0,18625.0,2905.0,0.1451,570.0,18839.0,21186.0,18625.0,18625.0,0.0,25889.0,26145.0,18625.0,26145.0,26,19.3,19.31,0.06,0.0032,0.01,19.28,19.33,19.26,19.33,0.08,19.39,19.39,19.19,19.39,26,213.7,244.1,88.1,0.4123,17.3,178.1,249.3,114.4,300.0,185.6,300.1,300.1,64.5,305.6,0.85,4.51,0.27,3760,2.26,0.13,3,3.04,1.61,6.44,3.96,1.38,1.421,71.1,0.4072
2,4,2,0,14.328,14.319,14.32,14.322,13.394,2,14.32,14.32,0.002,0.0002,0.002,14.3,14.34,14.32,14.321,0.002,14.322,14.322,14.319,14.322,2,13.394,13.394,0.033,0.0025,0.023,13.098,13.691,13.383,13.406,0.023,13.413,13.415,13.371,13.418,0.014218,2,0.014218,0.014218,0.000612,0.0431,0.000433,0.008716,0.01972,0.014002,0.014435,0.000433,0.014564,0.014608,0.013785,0.014651,0.11,0.000119,2,0.000119,0.000119,2e-06,0.0179,2e-06,9.9e-05,0.000138,0.000118,0.000119,1e-06,0.00012,0.00012,0.000117,0.00012,0.0,0.144216,2,0.144216,0.144216,0.04569,0.3168,0.032307,-0.266283,0.554716,0.128063,0.16037,0.032307,0.170063,0.173293,0.111909,0.176524,1.08,7e-06,2,7e-06,7e-06,1e-06,0.202,1e-06,-6e-06,2e-05,7e-06,7e-06,1e-06,8e-06,8e-06,6e-06,8e-06,0.0,3.55003,2,3.55003,3.55003,0.005566,0.0016,0.003936,3.500019,3.600041,3.548062,3.551998,0.003936,3.553179,3.553572,3.546094,3.553966,26.51,6e-06,2,6e-06,6e-06,1e-06,0.2357,1e-06,-7e-06,1.9e-05,5e-06,7e-06,1e-06,7e-06,7e-06,5e-06,7e-06,0.0,2.997902,2,2.997902,2.997902,0.109137,0.0364,0.077172,2.01736,3.978443,2.959316,3.036487,0.077171,3.059639,3.067356,2.92073,3.075073,22.39,5e-06,2,5e-06,5e-06,1e-06,0.1286,0.0,-1e-06,1.2e-05,5e-06,6e-06,0.0,6e-06,6e-06,5e-06,6e-06,0.0,6.23041,2,6.23041,6.23041,0.015537,0.0025,0.010986,6.090822,6.369998,6.224917,6.235903,0.010986,6.239199,6.240297,6.219424,6.241396,46.53,0.466773,2,0.466773,0.466773,0.003843,0.0082,0.002718,0.432244,0.501301,0.465414,0.468131,0.002717,0.468947,0.469218,0.464055,0.46949,3.49,0.000242,2,0.000242,0.000242,1.6e-05,0.0673,1.2e-05,9.5e-05,0.000388,0.000236,0.000247,1.2e-05,0.000251,0.000252,0.00023,0.000253,0.0,0.000177,2,0.000177,0.000177,3e-06,0.016,2e-06,0.000152,0.000202,0.000176,0.000178,2e-06,0.000179,0.000179,0.000175,0.000179,0.0,13.390092,2,13.390092,13.390092,0.038524,0.0029,0.02724,13.043975,13.73621,13.376472,13.403713,0.027241,13.411885,13.414609,13.362852,13.417333,100.0,13.394548,2,13.394548,13.394548,0.032982,0.0025,0.023322,13.098226,13.690871,13.382888,13.406209,0.023321,13.413206,13.415538,13.371227,13.41787,100.03,0.005517,2,0.005517,0.005517,0.000445,0.0807,0.000315,0.001515,0.009519,0.005359,0.005675,0.000315,0.005769,0.005801,0.005202,0.005832,0.04,13.414521,2,13.414521,13.414521,0.034042,0.0025,0.024071,13.108669,13.720374,13.402486,13.426557,0.024071,13.433779,13.436186,13.39045,13.438593,100.18,26145,7520,71.6,100,10.3,19.4,8.37,66.71,26,2.97,2.81,0.97,0.3251,0.19,2.58,3.36,2.6,3.28,0.68,4.19,4.98,0.28,5.11,26,71.6,94.5,39.2,0.5471,7.7,55.8,87.4,41.5,100.0,58.5,100.0,100.0,0.0,100.0,26,20282.0,18625.0,3094.0,0.1525,607.0,19032.0,21531.0,18625.0,18625.0,0.0,26145.0,26145.0,18625.0,26145.0,26,19.32,19.32,0.05,0.0025,0.01,19.3,19.34,19.29,19.36,0.06,19.38,19.39,19.24,19.4,26,214.9,248.6,88.7,0.4128,17.4,179.0,250.7,112.4,299.9,187.6,300.1,300.1,68.2,302.7,0.86,4.74,0.27,3760,2.37,0.14,3,2.5,1.27,6.44,3.96,1.27,1.42,71.0,0.4088
2,5,2,0,14.324,14.301,14.309,14.316,13.339,2,14.309,14.309,0.011,0.0008,0.008,14.212,14.405,14.305,14.313,0.008,14.315,14.316,14.301,14.316,2,13.339,13.339,0.091,0.0068,0.064,12.521,14.157,13.307,13.371,0.064,13.391,13.397,13.275,13.403,0.015011,2,0.015011,0.015011,0.00025,0.0167,0.000177,0.012762,0.01726,0.014923,0.0151,0.000177,0.015153,0.01517,0.014834,0.015188,0.11,0.000146,2,0.000146,0.000146,3e-05,0.209,2.1e-05,-0.000128,0.000419,0.000135,0.000156,2.2e-05,0.000163,0.000165,0.000124,0.000167,0.0,0.131295,2,0.131295,0.131295,0.024999,0.1904,0.017677,-0.093309,0.355899,0.122456,0.140133,0.017677,0.145437,0.147204,0.113618,0.148972,0.98,7e-06,2,7e-06,7e-06,0.0,0.0,0.0,7e-06,7e-06,7e-06,7e-06,0.0,7e-06,7e-06,7e-06,7e-06,0.0,3.463939,2,3.463939,3.463939,0.012434,0.0036,0.008792,3.352228,3.57565,3.459543,3.468335,0.008792,3.470973,3.471852,3.455147,3.472731,25.98,7e-06,2,7e-06,7e-06,1e-06,0.1088,0.0,0.0,1.3e-05,6e-06,7e-06,0.0,7e-06,7e-06,6e-06,7e-06,0.0,3.007458,2,3.007458,3.007458,0.126996,0.0422,0.0898,1.866465,4.14845,2.962558,3.052357,0.0898,3.079297,3.088277,2.917658,3.097257,22.55,5e-06,2,5e-06,5e-06,1e-06,0.1286,0.0,-1e-06,1.2e-05,5e-06,6e-06,0.0,6e-06,6e-06,5e-06,6e-06,0.0,6.263269,2,6.263269,6.263269,0.003171,0.0005,0.002242,6.234776,6.291763,6.262148,6.264391,0.002243,6.265064,6.265288,6.261027,6.265512,46.97,0.467893,2,0.467893,0.467893,0.004103,0.0088,0.002901,0.431033,0.504753,0.466442,0.469344,0.002901,0.470214,0.470504,0.464992,0.470794,3.51,0.000228,2,0.000228,0.000228,2.2e-05,0.0959,1.5e-05,3.2e-05,0.000425,0.000221,0.000236,1.5e-05,0.000241,0.000242,0.000213,0.000244,0.0,0.000182,2,0.000182,0.000182,3.7e-05,0.2054,2.7e-05,-0.000154,0.000519,0.000169,0.000196,2.7e-05,0.000204,0.000206,0.000156,0.000209,0.0,13.334589,2,13.334589,13.334589,0.096872,0.0073,0.068499,12.464248,14.204931,13.30034,13.368839,0.068499,13.389388,13.396238,13.266091,13.403088,100.0,13.339171,2,13.339171,13.339171,0.091017,0.0068,0.064359,12.521426,14.156916,13.306992,13.371351,0.064359,13.390658,13.397094,13.274812,13.40353,100.03,0.005242,2,0.005242,0.005242,5e-06,0.0009,4e-06,0.005198,0.005287,0.005241,0.005244,4e-06,0.005245,0.005246,0.005239,0.005246,0.04,13.359686,2,13.359686,13.359686,0.090722,0.0068,0.06415,12.544596,14.174776,13.327611,13.391761,0.06415,13.411006,13.417421,13.295536,13.423836,100.19,26145,7520,67.8,100,9.7,19.36,8.38,66.73,26,2.9,2.72,0.91,0.3137,0.18,2.53,3.27,2.5,3.11,0.6,4.28,4.68,0.85,4.89,26,67.8,95.0,43.1,0.636,8.5,50.4,85.2,20.0,100.0,80.0,100.0,100.0,0.0,100.0,26,19916.0,18625.0,2749.0,0.138,539.0,18806.0,21027.0,18625.0,18625.0,0.0,25633.0,26145.0,18625.0,26145.0,26,19.29,19.29,0.04,0.0018,0.01,19.28,19.31,19.27,19.31,0.04,19.35,19.35,19.23,19.36,26,215.8,248.7,86.6,0.4015,17.0,180.8,250.8,128.0,300.0,172.0,300.0,300.3,66.1,303.4,0.86,4.52,0.24,3760,2.26,0.12,3,4.33,2.2,6.39,3.96,2.2,1.421,71.1,0.4072
3,1,3,0,22.436,14.318,17.056,22.423,11.704,3,17.056,14.428,4.648,0.2725,2.684,5.509,28.604,14.373,18.426,4.053,20.824,21.624,14.318,22.423,3,11.704,13.17,2.577,0.2202,1.488,5.301,18.108,10.949,13.192,2.243,13.206,13.21,8.728,13.215,0.015329,3,0.015329,0.014219,0.002271,0.1482,0.001311,0.009687,0.020972,0.014023,0.016081,0.002058,0.017197,0.01757,0.013827,0.017942,0.13,4.381353,3,4.381353,0.000135,7.588497,1.732,4.381221,-14.471041,23.233747,0.000132,6.571965,6.571833,10.515063,11.829429,0.000129,13.143795,37.44,0.15364,3,0.15364,0.112125,0.075977,0.4945,0.043865,-0.035113,0.342392,0.109795,0.176727,0.066932,0.215488,0.228409,0.107465,0.241329,1.31,7e-06,3,7e-06,7e-06,1e-06,0.1429,1e-06,5e-06,9e-06,7e-06,7e-06,1e-06,8e-06,8e-06,6e-06,8e-06,0.0,2.798812,3,2.798812,3.255498,0.799779,0.2858,0.461752,0.811892,4.785733,2.565412,3.260555,0.695143,3.26359,3.264601,1.875326,3.265613,23.92,7e-06,3,7e-06,7e-06,1e-06,0.0866,0.0,5e-06,8e-06,7e-06,7e-06,0.0,7e-06,7e-06,6e-06,7e-06,0.0,2.991232,3,2.991232,3.036924,0.097291,0.0325,0.056171,2.749527,3.232936,2.958214,3.047095,0.08888,3.053198,3.055232,2.879505,3.057266,25.56,1.8e-05,3,1.8e-05,6e-06,2.1e-05,1.1652,1.2e-05,-3.5e-05,7.1e-05,6e-06,2.5e-05,1.9e-05,3.6e-05,3.9e-05,6e-06,4.3e-05,0.0,5.285657,3,5.285657,6.309266,1.774968,0.3358,1.024778,0.876037,9.695277,4.772684,6.310434,1.537751,6.311136,6.311369,3.236101,6.311603,45.17,0.471123,3,0.471123,0.471224,0.003988,0.0085,0.002302,0.461216,0.481031,0.469155,0.473142,0.003987,0.474293,0.474676,0.467086,0.47506,4.03,0.000232,3,0.000232,0.000225,1.8e-05,0.0758,1e-05,0.000188,0.000276,0.000222,0.000238,1.6e-05,0.000247,0.000249,0.000219,0.000252,0.0,0.000168,3,0.000168,0.000169,1.4e-05,0.0805,8e-06,0.000134,0.000202,0.000161,0.000175,1.4e-05,0.000179,0.00018,0.000154,0.000181,0.0,11.701226,3,11.701226,13.161381,2.57516,0.2201,1.486769,5.303659,18.098794,10.944613,13.187917,2.243303,13.203838,13.209145,8.727846,13.214452,100.0,11.704268,3,11.704268,13.169689,2.577485,0.2202,1.488112,5.300923,18.107613,10.948924,13.192322,2.243398,13.205903,13.210429,8.728159,13.214956,100.03,0.005412,3,0.005412,0.005354,0.000268,0.0496,0.000155,0.004746,0.006079,0.005266,0.005529,0.000263,0.005635,0.00567,0.005178,0.005705,0.05,16.106479,3,16.106479,13.235135,5.013379,0.3113,2.894476,3.65155,28.561408,13.212034,17.565252,4.353218,20.163322,21.029346,13.188933,21.895369,137.65,26145,7520,62.6,100,14.0,19.39,8.02,63.9,42,2.46,2.47,1.02,0.4145,0.16,2.15,2.77,1.69,2.76,1.08,3.98,4.62,0.28,4.81,42,62.6,91.0,42.9,0.6852,6.6,49.6,75.6,11.8,100.0,88.2,100.0,100.0,0.0,100.0,42,19727.0,18625.0,2299.0,0.1165,355.0,19032.0,20422.0,18625.0,18625.0,0.0,22398.0,25607.0,18625.0,26145.0,42,19.31,19.29,0.05,0.0026,0.01,19.29,19.32,19.27,19.36,0.08,19.37,19.39,19.2,19.39,42,206.4,234.0,87.1,0.422,13.4,180.0,232.7,114.1,299.7,185.6,300.0,300.3,67.1,301.6,1.29,4.45,0.26,2507,1.48,0.09,3,3.54,1.79,6.39,3.96,1.49,1.36,45.3,0.6027
3,2,3,0,24.583,14.392,17.807,24.575,11.858,3,17.807,14.455,5.861,0.3291,3.384,3.247,32.367,14.423,19.515,5.091,22.551,23.563,14.392,24.575,3,11.858,13.384,2.715,0.229,1.568,5.112,18.604,11.054,13.425,2.372,13.45,13.458,8.723,13.467,0.014909,3,0.014909,0.014768,0.000884,0.0593,0.000511,0.012711,0.017106,0.014436,0.015312,0.000876,0.015638,0.015746,0.014103,0.015855,0.13,4.473484,3,4.473484,0.000146,7.748066,1.732,4.473348,-14.775332,23.7223,0.000136,6.710163,6.710027,10.736173,12.078177,0.000126,13.42018,37.74,0.12595,3,0.12595,0.123231,0.01999,0.1587,0.011541,0.076289,0.175611,0.115345,0.135195,0.01985,0.142374,0.144767,0.107459,0.14716,1.06,7e-06,3,7e-06,8e-06,2e-06,0.2474,1e-06,3e-06,1.1e-05,7e-06,8e-06,1e-06,8e-06,8e-06,5e-06,8e-06,0.0,3.026135,3,3.026135,3.598147,0.993648,0.3284,0.573683,0.557577,5.494693,2.738459,3.599817,0.861359,3.60082,3.601154,1.878771,3.601488,25.53,9e-06,3,9e-06,9e-06,2e-06,0.1763,1e-06,5e-06,1.2e-05,8e-06,1e-05,2e-06,1e-05,1e-05,7e-06,1e-05,0.0,3.001076,3,3.001076,3.035759,0.068628,0.0229,0.039623,2.83058,3.171571,2.978893,3.040599,0.061706,3.043504,3.044472,2.922028,3.04544,25.32,6e-06,3,6e-06,6e-06,1e-06,0.1019,0.0,4e-06,7e-06,5e-06,6e-06,1e-06,6e-06,6e-06,5e-06,6e-06,0.0,5.229333,3,5.229333,6.225363,1.739697,0.3327,1.004414,0.907337,9.551328,4.722945,6.233735,1.51079,6.238759,6.240433,3.220527,6.242108,44.11,0.470913,3,0.470913,0.472987,0.008308,0.0176,0.004797,0.450272,0.491554,0.467375,0.475488,0.008112,0.476988,0.477488,0.461764,0.477988,3.97,0.000239,3,0.000239,0.000248,2.3e-05,0.0982,1.4e-05,0.00018,0.000297,0.00023,0.000252,2.2e-05,0.000254,0.000255,0.000212,0.000256,0.0,0.000467,3,0.000467,0.0002,0.00048,1.0276,0.000277,-0.000725,0.001659,0.00019,0.000611,0.000421,0.000857,0.000939,0.00018,0.001021,0.0,11.854586,3,11.854586,13.375351,2.71297,0.2289,1.566334,5.114651,18.594521,11.048853,13.420701,2.371848,13.447911,13.456981,8.722356,13.466051,100.0,11.857945,3,11.857945,13.384413,2.715396,0.229,1.567734,5.111984,18.603906,11.053624,13.4255,2.371876,13.450152,13.45837,8.722835,13.466587,100.03,0.005603,3,0.005603,0.00564,0.000364,0.0649,0.00021,0.004699,0.006507,0.005431,0.005794,0.000362,0.005886,0.005916,0.005222,0.005947,0.05,16.352065,3,16.352065,13.486907,5.033992,0.3079,2.906376,3.845927,28.858203,13.445785,17.825765,4.37998,20.429081,21.296852,13.404664,22.164624,137.94,26145,7520,58.4,100,14.4,19.35,7.32,58.32,45,2.32,2.41,1.1,0.4745,0.16,2.0,2.65,1.55,2.76,1.22,3.53,4.59,0.09,4.85,45,58.4,92.0,45.4,0.7766,6.8,45.2,71.7,0.0,100.0,100.0,100.0,100.0,0.0,100.0,45,19653.0,18625.0,2359.0,0.1201,352.0,18964.0,20343.0,18625.0,18625.0,0.0,24020.0,25940.0,18625.0,26145.0,45,19.3,19.32,0.03,0.0018,0.01,19.29,19.31,19.28,19.33,0.05,19.34,19.35,19.22,19.35,45,199.2,211.6,88.9,0.4461,13.2,173.2,225.1,109.7,299.6,189.9,300.1,300.5,68.0,302.2,1.36,4.48,0.23,2507,1.49,0.08,3,3.18,1.58,6.39,3.96,1.55,1.242,41.4,0.7082
3,3,3,0,24.498,14.409,17.77,24.486,11.833,3,17.77,14.415,5.816,0.3273,3.358,3.32,32.22,14.412,19.451,5.039,22.472,23.479,14.409,24.486,3,11.833,13.366,2.694,0.2276,1.555,5.141,18.526,11.044,13.389,2.344,13.402,13.407,8.723,13.412,0.014438,3,0.014438,0.014191,0.001046,0.0724,0.000604,0.01184,0.017036,0.013865,0.014888,0.001024,0.015306,0.015446,0.013538,0.015585,0.12,4.455766,3,4.455766,0.00033,7.717224,1.732,4.455541,-14.716428,23.627959,0.000224,6.683589,6.683364,10.693544,12.030196,0.000119,13.366848,37.66,0.151641,3,0.151641,0.121307,0.064653,0.4264,0.037327,-0.008979,0.312261,0.114519,0.173595,0.059076,0.204968,0.215425,0.107732,0.225883,1.28,6e-06,3,6e-06,7e-06,1e-06,0.1823,1e-06,3e-06,9e-06,6e-06,7e-06,1e-06,7e-06,7e-06,5e-06,7e-06,0.0,2.939076,3,2.939076,3.452846,0.915511,0.3115,0.528571,0.664636,5.213516,2.667458,3.467578,0.80012,3.476417,3.479364,1.882071,3.48231,24.84,6e-06,3,6e-06,6e-06,1e-06,0.1667,1e-06,4e-06,8e-06,5e-06,7e-06,1e-06,7e-06,7e-06,5e-06,7e-06,0.0,3.026324,3,3.026324,3.038822,0.093502,0.0309,0.053983,2.794033,3.258615,2.983011,3.075885,0.092874,3.098123,3.105535,2.927201,3.112948,25.58,6e-06,3,6e-06,6e-06,1e-06,0.1019,0.0,4e-06,7e-06,5e-06,6e-06,1e-06,6e-06,6e-06,5e-06,6e-06,0.0,5.247023,3,5.247023,6.254523,1.747426,0.333,1.008877,0.905826,9.58822,4.741897,6.255899,1.514003,6.256725,6.257001,3.22927,6.257276,44.35,0.465109,3,0.465109,0.466137,0.001791,0.0038,0.001034,0.46066,0.469557,0.464589,0.466143,0.001553,0.466146,0.466147,0.463041,0.466148,3.93,0.000223,3,0.000223,0.000217,1.3e-05,0.0562,7e-06,0.000192,0.000254,0.000215,0.000227,1.2e-05,0.000233,0.000235,0.000214,0.000237,0.0,0.000529,3,0.000529,0.000208,0.000582,1.1001,0.000336,-0.000916,0.001974,0.000193,0.000704,0.000511,0.001002,0.001101,0.000178,0.0012,0.0,11.83032,3,11.83032,13.356823,2.691282,0.2275,1.553812,5.144266,18.516374,11.039839,13.384053,2.344214,13.400391,13.405837,8.722855,13.411283,100.0,11.833519,3,11.833519,13.365602,2.693721,0.2276,1.555221,5.141404,18.525634,11.044397,13.388683,2.344286,13.402532,13.407148,8.723192,13.411764,100.03,0.005445,3,0.005445,0.005321,0.000263,0.0483,0.000152,0.004792,0.006098,0.005294,0.005534,0.00024,0.005662,0.005704,0.005267,0.005747,0.05,16.30928,3,16.30928,13.431065,5.024904,0.3081,2.90113,3.825718,28.792842,13.408181,17.771273,4.363092,20.375397,21.243438,13.385296,22.11148,137.86,26145,7520,56.6,100,13.9,19.35,7.35,58.52,45,2.33,2.43,1.14,0.487,0.17,2.0,2.66,1.51,2.8,1.29,3.91,4.35,0.24,5.16,45,56.6,89.0,46.0,0.8123,6.9,43.2,70.1,0.0,100.0,100.0,100.0,100.0,0.0,100.0,45,19737.0,18625.0,2389.0,0.121,356.0,19039.0,20435.0,18625.0,18625.0,0.0,24033.0,25940.0,18625.0,26145.0,45,19.29,19.29,0.03,0.0018,0.01,19.28,19.3,19.27,19.31,0.04,19.35,19.35,19.23,19.35,45,199.1,198.7,90.4,0.4541,13.5,172.7,225.6,107.0,299.3,192.3,300.0,300.8,68.5,305.1,1.36,4.79,0.23,2507,1.6,0.08,3,3.66,1.86,6.39,3.96,1.55,1.247,41.6,0.7033
3,4,3,0,24.522,14.39,17.773,24.51,11.851,3,17.773,14.419,5.835,0.3283,3.369,3.278,32.268,14.405,19.465,5.06,22.492,23.501,14.39,24.51,3,11.851,13.399,2.698,0.2277,1.558,5.148,18.553,11.067,13.408,2.341,13.414,13.416,8.735,13.418,0.014922,3,0.014922,0.014537,0.000952,0.0638,0.00055,0.012556,0.017288,0.01438,0.015272,0.000892,0.015713,0.01586,0.014223,0.016007,0.13,4.451596,3,4.451596,0.000152,7.71015,1.732,4.451457,-14.703025,23.606216,0.000139,6.677331,6.677192,10.683638,12.019074,0.000125,13.35451,37.57,0.175779,3,0.175779,0.119637,0.101206,0.5758,0.058431,-0.075651,0.427209,0.117362,0.206124,0.088762,0.258017,0.275314,0.115088,0.292612,1.48,6e-06,3,6e-06,5e-06,1e-06,0.2038,1e-06,3e-06,9e-06,5e-06,6e-06,1e-06,7e-06,7e-06,5e-06,7e-06,0.0,2.880759,3,2.880759,3.375321,0.864463,0.3001,0.499098,0.733141,5.028376,2.628949,3.379849,0.7509,3.382567,3.383472,1.882577,3.384378,24.32,6e-06,3,6e-06,7e-06,1e-06,0.1823,1e-06,3e-06,9e-06,6e-06,7e-06,1e-06,7e-06,7e-06,5e-06,7e-06,0.0,3.008302,3,3.008302,3.033708,0.076392,0.0254,0.044105,2.818518,3.198086,2.978076,3.051231,0.073155,3.061745,3.065249,2.922444,3.068754,25.39,5e-06,3,5e-06,5e-06,1e-06,0.1083,0.0,4e-06,7e-06,5e-06,5e-06,0.0,6e-06,6e-06,5e-06,6e-06,0.0,5.308661,3,5.308661,6.349223,1.807675,0.3405,1.043662,0.817784,9.799538,4.785281,6.352321,1.567039,6.35418,6.354799,3.22134,6.355419,44.81,0.473059,3,0.473059,0.4785,0.011488,0.0243,0.006633,0.444519,0.501599,0.469181,0.479657,0.010477,0.480352,0.480583,0.459861,0.480815,3.99,0.000227,3,0.000227,0.00022,1.2e-05,0.0534,7e-06,0.000197,0.000257,0.00022,0.000231,1.1e-05,0.000237,0.000239,0.00022,0.000241,0.0,0.000413,3,0.000413,0.000166,0.000437,1.0575,0.000252,-0.000673,0.001499,0.000161,0.000542,0.000381,0.000768,0.000843,0.000156,0.000918,0.0,11.847543,3,11.847543,13.398388,2.695522,0.2275,1.55626,5.150955,18.544131,11.066709,13.4038,2.337092,13.407048,13.40813,8.735029,13.409213,100.0,11.85072,3,11.85072,13.398888,2.697921,0.2277,1.557645,5.148171,18.553268,11.067168,13.408355,2.341188,13.414036,13.41593,8.735448,13.417823,100.03,0.005395,3,0.005395,0.005321,0.0002,0.0371,0.000116,0.004898,0.005893,0.005282,0.005472,0.00019,0.005562,0.005592,0.005243,0.005622,0.05,16.32275,3,16.32275,13.437617,5.01305,0.3071,2.894286,3.868637,28.776862,13.428469,17.774465,4.345996,20.376573,21.243943,13.41932,22.111312,137.77,26145,7520,59.0,100,14.5,19.37,7.34,58.47,45,2.36,2.37,1.05,0.4424,0.16,2.06,2.67,1.61,2.87,1.26,3.43,4.63,0.45,4.83,45,59.0,91.0,44.3,0.7509,6.6,46.0,71.9,2.0,96.0,94.0,100.0,100.0,0.0,100.0,45,19665.0,18625.0,2372.0,0.1206,354.0,18972.0,20359.0,18625.0,18625.0,0.0,24033.0,25940.0,18625.0,26145.0,45,19.31,19.31,0.04,0.0018,0.01,19.3,19.32,19.29,19.33,0.04,19.35,19.36,19.2,19.37,45,199.2,196.1,90.0,0.4516,13.4,172.9,225.5,107.1,299.6,192.5,300.0,300.5,68.8,301.3,1.36,4.46,0.24,2507,1.49,0.08,3,3.71,1.93,6.4,3.96,1.76,1.245,41.5,0.7049
3,5,3,0,24.713,14.398,17.833,24.701,11.957,3,17.833,14.399,5.948,0.3336,3.434,3.055,32.61,14.399,19.55,5.152,22.641,23.671,14.398,24.701,3,11.957,13.373,2.582,0.2159,1.49,5.544,18.371,11.175,13.447,2.272,13.491,13.506,8.977,13.521,0.014087,3,0.014087,0.014265,0.000512,0.0364,0.000296,0.012815,0.01536,0.013888,0.014376,0.000488,0.014443,0.014465,0.01351,0.014487,0.12,4.445154,3,4.445154,0.000289,7.698884,1.732,4.444953,-14.681478,23.571785,0.000201,6.667674,6.667473,10.668105,12.001582,0.000113,13.335059,37.19,0.124077,3,0.124077,0.11419,0.019974,0.161,0.011532,0.074454,0.173699,0.112582,0.130628,0.018046,0.140491,0.143778,0.110974,0.147066,1.04,8e-06,3,8e-06,6e-06,6e-06,0.7031,3e-06,-6e-06,2.3e-05,5e-06,1.1e-05,6e-06,1.3e-05,1.4e-05,4e-06,1.5e-05,0.0,2.924598,3,2.924598,3.435832,0.909816,0.3111,0.525282,0.664309,5.184888,2.654995,3.449819,0.794824,3.45821,3.461008,1.874158,3.463805,24.47,7e-06,3,7e-06,7e-06,1e-06,0.0787,0.0,6e-06,9e-06,7e-06,7e-06,0.0,8e-06,8e-06,7e-06,8e-06,0.0,3.192146,3,3.192146,3.19108,0.091768,0.0287,0.052982,2.964163,3.420129,3.145998,3.237761,0.091764,3.26577,3.275107,3.100916,3.284443,26.7,6e-06,3,6e-06,6e-06,1e-06,0.0912,0.0,5e-06,8e-06,6e-06,7e-06,1e-06,7e-06,7e-06,6e-06,7e-06,0.0,5.227429,3,5.227429,6.208784,1.735975,0.3321,1.002265,0.914681,9.540177,4.715914,6.229622,1.513709,6.242126,6.246293,3.223043,6.250461,43.73,0.484618,3,0.484618,0.479536,0.014535,0.03,0.008392,0.448509,0.520728,0.476421,0.490274,0.013852,0.496717,0.498864,0.473307,0.501012,4.05,0.00024,3,0.00024,0.000244,2.5e-05,0.1052,1.5e-05,0.000177,0.000303,0.000228,0.000253,2.5e-05,0.000259,0.000261,0.000213,0.000263,0.0,0.000447,3,0.000447,0.000212,0.00044,0.9851,0.000254,-0.000647,0.001541,0.000193,0.000584,0.000391,0.000806,0.000881,0.000174,0.000955,0.0,11.953937,3,11.953937,13.372269,2.579076,0.2158,1.48903,5.546639,18.361235,11.174623,13.442417,2.267793,13.484505,13.498534,8.976978,13.512564,100.0,11.957122,3,11.957122,13.372918,2.581602,0.2159,1.490489,5.543549,18.370694,11.175145,13.446997,2.271852,13.491444,13.506259,8.977372,13.521075,100.03,0.005429,3,0.005429,0.005253,0.000334,0.0616,0.000193,0.004599,0.006259,0.005236,0.005534,0.000298,0.005702,0.005758,0.005219,0.005814,0.05,16.421907,3,16.421907,13.540628,5.119032,0.3117,2.955475,3.7045,29.139315,13.466741,17.936435,4.469694,20.573918,21.45308,13.392853,22.332241,137.38,26145,7520,57.8,100,14.3,19.44,7.28,58.01,45,2.38,2.59,1.11,0.4648,0.17,2.06,2.71,1.62,2.76,1.14,3.81,4.44,0.15,5.06,45,57.8,88.0,43.7,0.7574,6.5,45.0,70.5,0.0,100.0,100.0,100.0,100.0,0.0,100.0,45,19665.0,18625.0,2406.0,0.1223,359.0,18962.0,20368.0,18625.0,18625.0,0.0,24020.0,26145.0,18625.0,26145.0,45,19.35,19.34,0.05,0.0026,0.01,19.34,19.36,19.32,19.38,0.05,19.43,19.44,19.21,19.44,45,198.6,234.9,88.5,0.4458,13.2,172.7,224.4,103.6,300.0,196.4,300.1,300.1,68.9,303.2,1.36,4.7,0.32,2507,1.57,0.11,3,4.99,2.7,6.44,3.96,2.67,1.235,41.2,0.7148
4,1,4,0,28.607,14.537,21.567,28.591,13.375,4,21.567,21.569,8.11,0.376,4.055,8.664,34.47,14.546,28.59,14.043,28.59,28.591,14.537,28.591,4,13.375,13.373,0.019,0.0015,0.01,13.344,13.406,13.359,13.39,0.031,13.393,13.394,13.358,13.395,0.016451,4,0.016451,0.016287,0.002835,0.1723,0.001417,0.011941,0.020961,0.014247,0.018491,0.004244,0.019121,0.019331,0.013689,0.019541,0.12,6.646161,4,6.646161,6.644003,7.67419,1.1547,3.837095,-5.563475,18.855796,0.00012,13.290043,13.289923,13.293931,13.295227,0.000114,13.296523,49.7,0.172339,4,0.172339,0.160519,0.066618,0.3866,0.033309,0.06635,0.278328,0.117576,0.215281,0.097705,0.237127,0.244408,0.116628,0.25169,1.29,6e-06,4,6e-06,6e-06,1e-06,0.24,1e-06,4e-06,9e-06,5e-06,7e-06,2e-06,8e-06,8e-06,5e-06,8e-06,0.0,3.430963,4,3.430963,3.436437,0.048364,0.0141,0.024182,3.354015,3.50791,3.41026,3.457139,0.046879,3.472629,3.477792,3.368022,3.482955,25.66,7e-06,4,7e-06,7e-06,1e-06,0.1166,0.0,6e-06,8e-06,7e-06,7e-06,1e-06,8e-06,8e-06,6e-06,8e-06,0.0,2.994144,4,2.994144,2.994876,0.096554,0.0322,0.048277,2.840527,3.147761,2.912964,3.076056,0.163092,3.078953,3.079919,2.905939,3.080885,22.39,7e-06,4,7e-06,7e-06,3e-06,0.3628,1e-06,3e-06,1.1e-05,6e-06,8e-06,2e-06,1e-05,1e-05,5e-06,1.1e-05,0.0,6.304561,4,6.304561,6.303632,0.023821,0.0038,0.011911,6.266662,6.342461,6.286021,6.322173,0.036152,6.326789,6.328328,6.281114,6.329867,47.15,0.469487,4,0.469487,0.463473,0.014922,0.0318,0.007461,0.445746,0.493229,0.460278,0.472682,0.012405,0.483915,0.487659,0.459601,0.491403,3.51,0.000221,4,0.000221,0.00022,9e-06,0.0387,4e-06,0.000207,0.000234,0.000214,0.000227,1.3e-05,0.000229,0.000229,0.000213,0.00023,0.0,0.000173,4,0.000173,0.000181,2.4e-05,0.1408,1.2e-05,0.000134,0.000211,0.000164,0.000189,2.5e-05,0.00019,0.00019,0.000138,0.00019,0.0,13.37223,4,13.37223,13.372713,0.021719,0.0016,0.010859,13.337675,13.406785,13.355808,13.389135,0.033327,13.391929,13.392861,13.349702,13.393792,100.0,13.375116,4,13.375116,13.373421,0.019427,0.0015,0.009713,13.344208,13.406024,13.358695,13.389843,0.031148,13.393232,13.394362,13.358129,13.395492,100.02,0.005378,4,0.005378,0.005305,0.000201,0.0374,0.000101,0.005058,0.005698,0.005271,0.005413,0.000142,0.00557,0.005622,0.005228,0.005674,0.04,20.043241,4,20.043241,20.043777,7.679067,0.3831,3.839534,7.825845,32.260637,13.400465,26.686553,13.286088,26.699044,26.703208,13.378037,26.707372,149.89,26145,7520,70.9,100,20.3,19.49,8.39,66.82,53,2.84,2.68,1.0,0.3533,0.14,2.57,3.11,2.41,3.16,0.76,4.5,4.63,0.22,4.87,53,70.9,95.0,40.5,0.5715,5.6,60.0,81.8,36.0,100.0,64.0,100.0,100.0,0.0,100.0,53,20118.0,18625.0,2953.0,0.1468,406.0,19323.0,20913.0,18625.0,18625.0,0.0,26145.0,26145.0,18625.0,26145.0,53,19.32,19.29,0.07,0.0038,0.01,19.3,19.34,19.27,19.37,0.1,19.44,19.46,19.19,19.49,53,216.8,240.5,86.1,0.3971,11.8,193.6,240.0,114.7,299.9,185.3,300.1,300.4,68.8,303.7,1.72,4.5,0.36,1880,1.13,0.09,3,3.48,1.9,6.46,3.96,1.9,1.423,35.6,0.6037
4,2,4,0,28.968,14.524,21.654,28.952,13.299,4,21.654,21.57,8.233,0.3802,4.116,8.555,34.752,14.525,28.698,14.173,28.85,28.901,14.524,28.952,4,13.299,13.316,0.11,0.0083,0.055,13.124,13.474,13.231,13.384,0.153,13.393,13.396,13.165,13.398,0.01695,4,0.01695,0.017025,0.002776,0.1638,0.001388,0.012533,0.021367,0.014639,0.019336,0.004697,0.019363,0.019372,0.014369,0.019381,0.13,6.649635,4,6.649635,6.648737,7.678161,1.1547,3.839081,-5.56632,18.865589,0.000153,13.29822,13.298067,13.299835,13.300374,0.000151,13.300912,50.0,0.127625,4,0.127625,0.118269,0.025954,0.2034,0.012977,0.086332,0.168917,0.109637,0.136257,0.02662,0.153257,0.158924,0.109369,0.164591,0.96,6e-06,4,6e-06,6e-06,1e-06,0.24,1e-06,4e-06,9e-06,5e-06,7e-06,2e-06,8e-06,8e-06,5e-06,8e-06,0.0,3.471175,4,3.471175,3.45409,0.046522,0.0134,0.023261,3.397158,3.545191,3.448332,3.476933,0.028602,3.514669,3.527247,3.436691,3.539826,26.1,6e-06,4,6e-06,5e-06,1e-06,0.1665,0.0,4e-06,7e-06,5e-06,6e-06,1e-06,7e-06,7e-06,5e-06,7e-06,0.0,3.000136,4,3.000136,2.988217,0.096438,0.0321,0.048219,2.846703,3.153569,2.920298,3.068055,0.147757,3.092167,3.100204,2.91587,3.108241,22.56,6e-06,4,6e-06,6e-06,1e-06,0.1361,0.0,5e-06,7e-06,6e-06,6e-06,1e-06,7e-06,7e-06,5e-06,7e-06,0.0,6.226951,4,6.226951,6.22909,0.04883,0.0078,0.024415,6.149262,6.30464,6.198107,6.257933,0.059826,6.271545,6.276083,6.169004,6.28062,46.82,0.471945,4,0.471945,0.467264,0.015273,0.0324,0.007637,0.447646,0.496245,0.462233,0.476977,0.014744,0.486962,0.49029,0.459634,0.493618,3.55,0.000219,4,0.000219,0.000218,6e-06,0.026,3e-06,0.00021,0.000228,0.000215,0.000223,8e-06,0.000224,0.000225,0.000213,0.000225,0.0,0.000168,4,0.000168,0.000168,1.7e-05,0.1016,9e-06,0.000141,0.000195,0.000156,0.00018,2.5e-05,0.000183,0.000184,0.000149,0.000185,0.0,13.298758,4,13.298758,13.316079,0.10997,0.0083,0.054985,13.123796,13.47372,13.231078,13.383759,0.152681,13.39228,13.395121,13.164913,13.397961,100.0,13.299243,4,13.299243,13.316515,0.109934,0.0083,0.054967,13.124337,13.474148,13.231526,13.384231,0.152704,13.392757,13.395599,13.165501,13.398441,100.0,0.005646,4,0.005646,0.005698,0.000179,0.0318,9e-05,0.005361,0.005931,0.005571,0.005772,0.000202,0.005782,0.005786,0.005399,0.005789,0.04,19.971597,4,19.971597,19.953209,7.577497,0.3794,3.788748,7.915799,32.027395,13.413921,26.510885,13.096965,26.552165,26.565925,13.400285,26.579685,150.18,26145,7520,68.5,100,19.8,19.49,8.28,65.99,53,2.79,2.64,1.03,0.3711,0.14,2.51,3.07,2.4,3.04,0.64,4.51,4.72,0.11,5.01,53,68.5,96.0,41.9,0.6114,5.8,57.2,79.8,19.0,100.0,81.0,100.0,100.0,0.0,100.0,53,20108.0,18625.0,2935.0,0.146,403.0,19318.0,20899.0,18625.0,18625.0,0.0,26145.0,26145.0,18625.0,26145.0,53,19.37,19.39,0.08,0.0041,0.01,19.35,19.39,19.29,19.44,0.15,19.46,19.47,19.24,19.49,53,217.6,261.0,85.1,0.391,11.7,194.7,240.5,123.1,300.0,176.8,300.1,300.2,70.0,302.9,1.75,4.64,0.36,1880,1.16,0.09,3,3.49,1.77,6.45,3.97,1.77,1.404,35.1,0.6161
4,3,4,0,28.64,14.534,21.577,28.628,13.271,4,21.577,21.573,8.131,0.3769,4.066,8.64,34.514,14.536,28.614,14.078,28.622,28.625,14.534,28.628,4,13.271,13.252,0.113,0.0085,0.057,13.092,13.451,13.182,13.342,0.16,13.382,13.395,13.173,13.409,0.01603,4,0.01603,0.01572,0.002482,0.1548,0.001241,0.012081,0.019978,0.013938,0.017812,0.003873,0.018387,0.018578,0.013909,0.01877,0.12,6.645809,4,6.645809,6.627131,7.6737,1.1547,3.83685,-5.563048,18.854667,0.000304,13.272637,13.272333,13.306367,13.317611,0.000121,13.328854,50.08,0.113075,4,0.113075,0.112682,0.001974,0.0175,0.000987,0.109934,0.116216,0.112185,0.113573,0.001388,0.114919,0.115368,0.111119,0.115817,0.85,6e-06,4,6e-06,5e-06,1e-06,0.1665,0.0,4e-06,7e-06,5e-06,6e-06,1e-06,7e-06,7e-06,5e-06,7e-06,0.0,3.488226,4,3.488226,3.486765,0.096577,0.0277,0.048289,3.334572,3.64188,3.413028,3.561963,0.148936,3.577174,3.582244,3.392059,3.587314,26.28,7e-06,4,7e-06,7e-06,0.0,0.069,0.0,6e-06,8e-06,7e-06,7e-06,0.0,8e-06,8e-06,7e-06,8e-06,0.0,2.976696,4,2.976696,2.9774,0.076254,0.0256,0.038127,2.855375,3.098016,2.914851,3.039245,0.124394,3.04486,3.046731,2.903381,3.048603,22.43,6e-06,4,6e-06,6e-06,1e-06,0.2013,1e-06,4e-06,8e-06,6e-06,7e-06,1e-06,7e-06,8e-06,5e-06,8e-06,0.0,6.211845,4,6.211845,6.220998,0.035023,0.0056,0.017511,6.156124,6.267567,6.200953,6.231891,0.030938,6.238524,6.240736,6.162438,6.242947,46.81,0.480423,4,0.480423,0.483413,0.008679,0.0181,0.004339,0.466615,0.494231,0.477397,0.486439,0.009042,0.486617,0.486677,0.468131,0.486736,3.62,0.000226,4,0.000226,0.00022,1.5e-05,0.065,7e-06,0.000203,0.00025,0.000218,0.000228,1e-05,0.00024,0.000244,0.000216,0.000248,0.0,0.000179,4,0.000179,0.000179,1.6e-05,0.0922,8e-06,0.000153,0.000205,0.000172,0.000186,1.4e-05,0.000193,0.000196,0.000158,0.000198,0.0,13.271022,4,13.271022,13.251751,0.113051,0.0085,0.056525,13.091158,13.450886,13.181513,13.34126,0.159747,13.381458,13.394857,13.17233,13.408256,100.0,13.271476,4,13.271476,13.252228,0.11307,0.0085,0.056535,13.091582,13.45137,13.181914,13.34179,0.159876,13.381917,13.395293,13.172779,13.408669,100.0,0.005537,4,0.005537,0.005541,0.000343,0.0619,0.000171,0.004992,0.006082,0.005298,0.005781,0.000483,0.005854,0.005879,0.005164,0.005903,0.04,19.938981,4,19.938981,19.944919,7.569259,0.3796,3.78463,7.89629,31.981672,13.406064,26.477836,13.071772,26.506997,26.516718,13.339647,26.526438,150.24,26145,7520,70.2,100,20.1,19.5,8.38,66.75,53,2.81,2.61,1.07,0.3815,0.15,2.52,3.09,2.44,3.11,0.67,4.49,4.93,0.09,5.36,53,70.2,93.0,38.9,0.5537,5.3,59.7,80.7,31.0,100.0,69.0,100.0,100.0,0.0,100.0,53,20118.0,18625.0,2953.0,0.1468,406.0,19323.0,20913.0,18625.0,18625.0,0.0,26145.0,26145.0,18625.0,26145.0,53,19.37,19.37,0.07,0.0035,0.01,19.35,19.39,19.32,19.41,0.09,19.46,19.48,19.17,19.5,53,218.0,253.2,85.8,0.3937,11.8,194.9,241.1,116.0,300.0,184.0,300.1,300.8,70.3,307.5,1.73,4.99,0.37,1880,1.25,0.09,3,4.65,2.22,6.45,3.97,1.82,1.421,35.5,0.6048
4,4,4,0,28.677,14.241,21.5,28.666,13.247,4,21.5,21.547,8.242,0.3834,4.121,8.387,34.614,14.423,28.624,14.2,28.649,28.657,14.241,28.666,4,13.247,13.232,0.161,0.0122,0.081,12.991,13.503,13.158,13.321,0.163,13.4,13.427,13.071,13.453,0.01623,4,0.01623,0.015935,0.003448,0.2124,0.001724,0.010744,0.021715,0.013847,0.018317,0.004469,0.019548,0.019958,0.012681,0.020368,0.12,6.488091,4,6.488091,6.484187,7.49166,1.1547,3.74583,-5.431141,18.407322,0.000126,12.972151,12.972025,12.97918,12.981522,0.000122,12.983865,48.98,0.110733,4,0.110733,0.111155,0.002456,0.0222,0.001228,0.106826,0.11464,0.109129,0.112759,0.003631,0.112778,0.112784,0.107831,0.11279,0.84,1e-05,4,1e-05,8e-06,3e-06,0.3491,2e-06,4e-06,1.5e-05,7e-06,1.1e-05,4e-06,1.3e-05,1.3e-05,7e-06,1.4e-05,0.0,3.371242,4,3.371242,3.379737,0.130965,0.0388,0.065483,3.162876,3.579608,3.276246,3.474733,0.198487,3.48778,3.492129,3.229017,3.496478,25.45,7e-06,4,7e-06,7e-06,0.0,0.0,0.0,7e-06,7e-06,7e-06,7e-06,0.0,7e-06,7e-06,7e-06,7e-06,0.0,2.984437,4,2.984437,2.985612,0.112599,0.0377,0.0563,2.805291,3.163583,2.898724,3.071326,0.172602,3.087157,3.092435,2.868812,3.097712,22.53,6e-06,4,6e-06,6e-06,0.0,0.087,0.0,5e-06,7e-06,6e-06,6e-06,0.0,6e-06,6e-06,5e-06,6e-06,0.0,6.307926,4,6.307926,6.307638,0.028665,0.0045,0.014332,6.26232,6.353532,6.286265,6.329299,0.043033,6.334432,6.336143,6.278572,6.337854,47.62,0.471448,4,0.471448,0.466108,0.017383,0.0369,0.008692,0.443791,0.499104,0.458496,0.47906,0.020564,0.488742,0.491969,0.458378,0.495196,3.56,0.000227,4,0.000227,0.000218,2.3e-05,0.1009,1.1e-05,0.000191,0.000263,0.000214,0.00023,1.6e-05,0.000249,0.000255,0.000212,0.000261,0.0,0.000189,4,0.000189,0.000198,2.9e-05,0.1541,1.5e-05,0.000143,0.000235,0.000183,0.000204,2.1e-05,0.00021,0.000212,0.000147,0.000214,0.0,13.246627,4,13.246627,13.231555,0.161157,0.0122,0.080578,12.990226,13.503028,13.157723,13.320459,0.162736,13.399825,13.42628,13.070662,13.452735,100.0,13.247075,4,13.247075,13.231992,0.161061,0.0122,0.08053,12.990827,13.503323,13.158254,13.320813,0.16256,13.40018,13.426635,13.071226,13.453091,100.0,0.005536,4,0.005536,0.005511,0.000294,0.0531,0.000147,0.005068,0.006004,0.005379,0.005668,0.000289,0.005814,0.005862,0.00521,0.005911,0.04,19.75706,4,19.75706,19.746742,7.631373,0.3863,3.815686,7.615546,31.898573,13.177824,26.325978,13.148153,26.397394,26.4212,13.089748,26.445005,149.15,26145,7520,70.2,100,20.1,19.47,8.37,66.66,52,2.9,2.71,0.97,0.3355,0.13,2.63,3.16,2.55,3.14,0.59,4.5,4.83,0.23,5.27,52,70.2,96.0,41.0,0.584,5.7,59.1,81.4,22.5,100.0,77.5,100.0,100.0,0.0,100.0,52,20002.0,18625.0,2770.0,0.1385,384.0,19249.0,20755.0,18625.0,18625.0,0.0,25633.0,26145.0,18625.0,26145.0,52,19.37,19.39,0.07,0.0035,0.01,19.35,19.39,19.3,19.44,0.14,19.45,19.46,19.27,19.47,52,221.3,250.8,82.0,0.3707,11.4,199.0,243.6,123.5,300.0,176.4,300.1,300.1,69.3,304.7,1.76,4.9,0.34,1880,1.22,0.09,3,4.67,2.28,6.46,3.97,2.13,1.42,35.5,0.6059
4,5,4,0,28.646,14.534,21.571,28.634,13.318,4,21.571,21.558,8.122,0.3765,4.061,8.649,34.493,14.539,28.59,14.051,28.616,28.625,14.534,28.634,4,13.318,13.339,0.051,0.0038,0.025,13.237,13.398,13.314,13.343,0.028,13.347,13.349,13.242,13.351,0.015827,4,0.015827,0.015808,0.0026,0.1643,0.0013,0.011691,0.019963,0.013961,0.017673,0.003712,0.018247,0.018438,0.013063,0.018629,0.12,6.626267,4,6.626267,6.62045,7.65104,1.1547,3.82552,-5.546537,18.799071,0.000336,13.246381,13.246044,13.256957,13.260483,0.00016,13.264008,49.76,0.116399,4,0.116399,0.117018,0.005249,0.0451,0.002624,0.108048,0.124749,0.114291,0.119127,0.004836,0.120878,0.121461,0.109513,0.122045,0.87,5e-06,4,5e-06,5e-06,1e-06,0.1053,0.0,4e-06,6e-06,5e-06,5e-06,0.0,5e-06,5e-06,4e-06,5e-06,0.0,3.518271,4,3.518271,3.508103,0.020975,0.006,0.010487,3.4849,3.551643,3.507571,3.518804,0.011233,3.537356,3.543539,3.507156,3.549723,26.42,5e-06,4,5e-06,5e-06,1e-06,0.2347,1e-06,3e-06,8e-06,5e-06,6e-06,2e-06,7e-06,7e-06,4e-06,7e-06,0.0,2.982111,4,2.982111,2.982369,0.083101,0.0279,0.04155,2.849898,3.114325,2.915566,3.048915,0.13335,3.057108,3.059839,2.901137,3.06257,22.39,6e-06,4,6e-06,6e-06,0.0,0.087,0.0,5e-06,7e-06,6e-06,6e-06,0.0,6e-06,6e-06,5e-06,6e-06,0.0,6.221623,4,6.221623,6.212118,0.050342,0.0081,0.025171,6.141528,6.301717,6.200852,6.232888,0.032036,6.267927,6.279606,6.170968,6.291286,46.72,0.478241,4,0.478241,0.47697,0.011141,0.0233,0.00557,0.460517,0.495966,0.472441,0.482771,0.01033,0.488797,0.490805,0.466212,0.492814,3.59,0.000225,4,0.000225,0.000224,1.1e-05,0.0479,5e-06,0.000207,0.000242,0.000219,0.000229,9e-06,0.000234,0.000236,0.000212,0.000238,0.0,0.000182,4,0.000182,0.000175,1.8e-05,0.0974,9e-06,0.000154,0.00021,0.000172,0.000185,1.3e-05,0.000199,0.000203,0.000169,0.000208,0.0,13.317412,4,13.317412,13.338815,0.050573,0.0038,0.025286,13.23695,13.397874,13.314081,13.342146,0.028065,13.346884,13.348464,13.241974,13.350043,100.0,13.31786,4,13.31786,13.339205,0.050625,0.0038,0.025312,13.237316,13.398404,13.314438,13.342627,0.028189,13.347452,13.34906,13.242362,13.350668,100.0,0.005605,4,0.005605,0.005595,0.000275,0.049,0.000137,0.005168,0.006042,0.00551,0.005689,0.000179,0.005846,0.005899,0.005279,0.005951,0.04,19.965683,4,19.965683,19.938324,7.622197,0.3818,3.811099,7.838767,32.092598,13.367761,26.536245,13.168484,26.590809,26.608997,13.358899,26.627185,149.92,26145,7520,69.2,100,19.8,19.47,8.38,66.73,52,2.89,2.71,0.99,0.3406,0.14,2.63,3.16,2.56,3.15,0.58,4.42,4.76,0.13,5.32,52,69.2,95.5,41.7,0.6019,5.8,57.9,80.6,18.0,100.0,82.0,100.0,100.0,0.0,100.0,52,20064.0,18625.0,2850.0,0.1421,395.0,19290.0,20839.0,18625.0,18625.0,0.0,26043.0,26145.0,18625.0,26145.0,52,19.37,19.34,0.07,0.0034,0.01,19.35,19.38,19.31,19.43,0.12,19.45,19.46,19.26,19.47,52,221.0,256.8,82.4,0.373,11.4,198.6,243.4,129.7,299.9,170.2,300.1,300.1,70.3,302.0,1.76,4.95,0.35,1880,1.24,0.09,3,4.41,2.21,6.46,3.97,2.21,1.421,35.5,0.6048
