concurrency,repetition,container,jobs_on_replica,samples,cpu_cores_n,cpu_cores_mean,cpu_cores_median,cpu_cores_sd,cpu_cores_cv,cpu_cores_sem,cpu_cores_ci95_lo,cpu_cores_ci95_hi,cpu_cores_p25,cpu_cores_p75,cpu_cores_iqr,cpu_cores_p90,cpu_cores_p95,cpu_cores_min,cpu_cores_max,ram_GiB_n,ram_GiB_mean,ram_GiB_median,ram_GiB_sd,ram_GiB_cv,ram_GiB_sem,ram_GiB_ci95_lo,ram_GiB_ci95_hi,ram_GiB_p25,ram_GiB_p75,ram_GiB_iqr,ram_GiB_p90,ram_GiB_p95,ram_GiB_min,ram_GiB_max
1,1,whisperx-0,0,3,3,0.0,0.0,0.0,0.0219,0.0,0.0,0.0,0.0,0.0,0.0,0.0,0.0,0.0,0.0,3,2.36,2.36,0.0,0.0,0.0,2.36,2.36,2.36,2.36,0.0,2.36,2.36,2.36,2.36
1,1,whisperx-1,1,3,3,0.86,1.08,0.65,0.7551,0.38,-0.76,2.48,0.61,1.23,0.62,1.32,1.35,0.13,1.37,3,3.95,3.95,0.01,0.0015,0.0,3.94,3.97,3.95,3.96,0.0,3.96,3.96,3.95,3.96
1,1,whisperx-gateway,0,3,3,0.03,0.0,0.06,1.6997,0.03,-0.11,0.18,0.0,0.05,0.05,0.08,0.09,0.0,0.1,3,0.0,0.0,0.0,0.0095,0.0,0.0,0.0,0.0,0.0,0.0,0.0,0.0,0.0,0.0
1,2,whisperx-0,1,3,3,1.15,1.55,0.92,0.7969,0.53,-1.13,3.44,0.83,1.68,0.85,1.76,1.78,0.1,1.81,3,2.39,2.38,0.03,0.0139,0.02,2.31,2.47,2.37,2.4,0.03,2.42,2.42,2.36,2.42
1,2,whisperx-1,0,3,3,0.0,0.0,0.0,0.0455,0.0,0.0,0.0,0.0,0.0,0.0,0.0,0.0,0.0,0.0,3,3.95,3.95,0.0,0.0,0.0,3.95,3.95,3.95,3.95,0.0,3.95,3.95,3.95,3.95
1,2,whisperx-gateway,0,3,3,0.0,0.0,0.0,1.7321,0.0,-0.0,0.0,0.0,0.0,0.0,0.0,0.0,0.0,0.0,3,0.0,0.0,0.0,0.0018,0.0,0.0,0.0,0.0,0.0,0.0,0.0,0.0,0.0,0.0
1,3,whisperx-0,1,2,2,1.9,1.9,0.62,0.3269,0.44,-3.68,7.49,1.68,2.12,0.44,2.25,2.3,1.46,2.34,2,2.41,2.41,0.03,0.0112,0.02,2.16,2.65,2.4,2.41,0.02,2.42,2.42,2.39,2.42
1,3,whisperx-1,0,2,2,0.0,0.0,0.0,0.0673,0.0,0.0,0.0,0.0,0.0,0.0,0.0,0.0,0.0,0.0,2,3.95,3.95,0.0,0.0,0.0,3.95,3.95,3.95,3.95,0.0,3.95,3.95,3.95,3.95
1,3,whisperx-gateway,0,2,2,0.0,0.0,0.0,0.1088,0.0,0.0,0.0,0.0,0.0,0.0,0.0,0.0,0.0,0.0,2,0.0,0.0,0.0,0.0008,0.0,0.0,0.0,0.0,0.0,0.0,0.0,0.0,0.0,0.0
1,4,whisperx-0,0,2,2,0.0,0.0,0.0,0.0277,0.0,0.0,0.0,0.0,0.0,0.0,0.0,0.0,0.0,0.0,2,2.36,2.36,0.0,0.0,0.0,2.36,2.36,2.36,2.36,0.0,2.36,2.36,2.36,2.36
1,4,whisperx-1,1,2,2,1.28,1.28,0.28,0.218,0.2,-1.23,3.79,1.18,1.38,0.2,1.44,1.46,1.08,1.48,2,3.95,3.95,0.0,0.0,0.0,3.95,3.95,3.95,3.95,0.0,3.95,3.95,3.95,3.95
1,4,whisperx-gateway,0,2,2,0.0,0.0,0.0,,0.0,0.0,0.0,0.0,0.0,0.0,0.0,0.0,0.0,0.0,2,0.0,0.0,0.0,0.0008,0.0,0.0,0.0,0.0,0.0,0.0,0.0,0.0,0.0,0.0
1,5,whisperx-0,0,3,3,0.0,0.0,0.0,0.0619,0.0,0.0,0.0,0.0,0.0,0.0,0.0,0.0,0.0,0.0,3,2.36,2.36,0.0,0.0,0.0,2.36,2.36,2.36,2.36,0.0,2.36,2.36,2.36,2.36
1,5,whisperx-1,1,3,3,1.3,1.1,0.59,0.4529,0.34,-0.16,2.76,0.97,1.53,0.56,1.79,1.87,0.84,1.96,3,3.95,3.95,0.0,0.0,0.0,3.95,3.95,3.95,3.95,0.0,3.95,3.95,3.95,3.95
1,5,whisperx-gateway,0,3,3,0.01,0.0,0.01,1.72,0.01,-0.02,0.04,0.0,0.01,0.01,0.02,0.02,0.0,0.02,3,0.0,0.0,0.0,0.0013,0.0,0.0,0.0,0.0,0.0,0.0,0.0,0.0,0.0,0.0
2,1,whisperx-0,1,3,3,1.16,1.13,0.07,0.064,0.04,0.97,1.34,1.12,1.19,0.07,1.22,1.23,1.1,1.24,3,2.4,2.39,0.02,0.0094,0.01,2.34,2.45,2.39,2.41,0.02,2.42,2.42,2.39,2.42
2,1,whisperx-1,1,3,3,1.19,1.21,0.06,0.0476,0.03,1.05,1.33,1.17,1.22,0.05,1.23,1.23,1.13,1.23,3,3.95,3.95,0.0,0.0,0.0,3.95,3.95,3.95,3.95,0.0,3.95,3.95,3.95,3.95
2,1,whisperx-gateway,0,3,3,0.0,0.0,0.0,0.0769,0.0,0.0,0.0,0.0,0.0,0.0,0.0,0.0,0.0,0.0,3,0.0,0.0,0.0,0.0012,0.0,0.0,0.0,0.0,0.0,0.0,0.0,0.0,0.0,0.0
2,2,whisperx-0,1,3,3,1.69,1.56,0.54,0.3189,0.31,0.35,3.03,1.4,1.92,0.53,2.14,2.21,1.24,2.29,3,2.41,2.42,0.02,0.0091,0.01,2.36,2.47,2.41,2.42,0.02,2.42,2.42,2.39,2.42
2,2,whisperx-1,1,3,3,1.67,1.48,0.57,0.3434,0.33,0.24,3.09,1.34,1.89,0.55,2.14,2.22,1.21,2.31,3,3.95,3.95,0.0,0.0,0.0,3.95,3.95,3.95,3.95,0.0,3.95,3.95,3.95,3.95
2,2,whisperx-gateway,0,3,3,0.0,0.0,0.0,,0.0,0.0,0.0,0.0,0.0,0.0,0.0,0.0,0.0,0.0,3,0.0,0.0,0.0,0.002,0.0,0.0,0.0,0.0,0.0,0.0,0.0,0.0,0.0,0.0
2,3,whisperx-0,1,4,4,1.15,1.16,0.06,0.0533,0.03,1.05,1.25,1.12,1.19,0.08,1.2,1.2,1.07,1.21,4,2.42,2.41,0.05,0.0187,0.02,2.35,2.49,2.39,2.44,0.05,2.47,2.48,2.39,2.48
2,3,whisperx-1,1,4,4,1.28,1.2,0.22,0.1727,0.11,0.93,1.64,1.15,1.33,0.17,1.5,1.55,1.13,1.61,4,3.95,3.95,0.0,0.0001,0.0,3.95,3.96,3.95,3.95,0.0,3.95,3.95,3.95,3.96
2,3,whisperx-gateway,0,4,4,0.06,0.0,0.11,1.9512,0.06,-0.12,0.24,0.0,0.06,0.06,0.16,0.19,0.0,0.23,4,0.0,0.0,0.0,0.0178,0.0,0.0,0.0,0.0,0.0,0.0,0.0,0.0,0.0,0.0
2,4,whisperx-0,1,3,3,1.13,1.11,0.13,0.1145,0.07,0.81,1.45,1.06,1.19,0.13,1.23,1.25,1.01,1.27,3,2.42,2.39,0.05,0.0227,0.03,2.28,2.56,2.39,2.44,0.05,2.46,2.47,2.39,2.48
2,4,whisperx-1,1,3,3,1.11,1.09,0.11,0.1011,0.06,0.83,1.39,1.05,1.16,0.11,1.2,1.22,1.01,1.23,3,3.96,3.96,0.0,0.0,0.0,3.96,3.96,3.96,3.96,0.0,3.96,3.96,3.96,3.96
2,4,whisperx-gateway,0,3,3,0.0,0.0,0.0,1.7321,0.0,-0.0,0.0,0.0,0.0,0.0,0.0,0.0,0.0,0.0,3,0.0,0.0,0.0,0.0007,0.0,0.0,0.0,0.0,0.0,0.0,0.0,0.0,0.0,0.0
2,5,whisperx-0,1,3,3,1.61,1.48,0.47,0.2944,0.27,0.43,2.79,1.35,1.81,0.46,2.0,2.07,1.21,2.13,3,2.41,2.41,0.02,0.0081,0.01,2.36,2.46,2.4,2.42,0.02,2.42,2.43,2.39,2.43
2,5,whisperx-1,1,3,3,1.63,1.45,0.5,0.3091,0.29,0.38,2.88,1.35,1.83,0.48,2.05,2.12,1.24,2.2,3,3.96,3.96,0.0,0.0,0.0,3.96,3.96,3.96,3.96,0.0,3.96,3.96,3.96,3.96
2,5,whisperx-gateway,0,3,3,0.0,0.0,0.0,1.7321,0.0,-0.0,0.0,0.0,0.0,0.0,0.0,0.0,0.0,0.0,3,0.0,0.0,0.0,0.0013,0.0,0.0,0.0,0.0,0.0,0.0,0.0,0.0,0.0,0.0
3,1,whisperx-0,1,6,6,0.72,0.64,0.79,1.0936,0.32,-0.11,1.55,0.02,1.23,1.21,1.51,1.65,0.0,1.79,6,2.39,2.38,0.03,0.0134,0.01,2.36,2.42,2.36,2.42,0.06,2.43,2.43,2.36,2.43
3,1,whisperx-1,2,6,6,1.09,1.21,0.39,0.3571,0.16,0.68,1.5,1.12,1.24,0.12,1.35,1.41,0.34,1.46,6,3.96,3.96,0.0,0.0,0.0,3.96,3.96,3.96,3.96,0.0,3.96,3.96,3.96,3.96
3,1,whisperx-gateway,0,6,6,0.05,0.0,0.12,2.3715,0.05,-0.07,0.18,0.0,0.0,0.0,0.15,0.22,0.0,0.29,6,0.0,0.0,0.0,0.0032,0.0,0.0,0.0,0.0,0.0,0.0,0.0,0.0,0.0,0.0
3,2,whisperx-0,1,6,6,0.75,0.86,0.65,0.868,0.27,0.07,1.44,0.16,1.18,1.02,1.39,1.48,0.0,1.58,6,2.38,2.38,0.03,0.0112,0.01,2.35,2.41,2.36,2.39,0.03,2.41,2.42,2.36,2.43
3,2,whisperx-1,2,6,6,1.31,1.26,0.21,0.1575,0.08,1.09,1.52,1.14,1.47,0.33,1.56,1.57,1.1,1.58,6,3.96,3.96,0.0,0.0001,0.0,3.96,3.96,3.96,3.96,0.0,3.96,3.96,3.96,3.96
3,2,whisperx-gateway,0,6,6,0.0,0.0,0.01,2.4495,0.0,-0.01,0.02,0.0,0.0,0.0,0.01,0.02,0.0,0.03,6,0.0,0.0,0.0,0.0015,0.0,0.0,0.0,0.0,0.0,0.0,0.0,0.0,0.0,0.0
3,3,whisperx-0,1,6,6,0.84,1.14,0.66,0.7876,0.27,0.14,1.53,0.28,1.22,0.93,1.36,1.43,0.0,1.49,6,2.39,2.39,0.03,0.0126,0.01,2.36,2.43,2.37,2.42,0.05,2.43,2.43,2.36,2.43
3,3,whisperx-1,2,6,6,1.4,1.33,0.28,0.1999,0.11,1.11,1.7,1.21,1.54,0.33,1.71,1.79,1.12,1.86,6,3.96,3.96,0.0,0.0,0.0,3.96,3.96,3.96,3.96,0.0,3.96,3.96,3.96,3.96
3,3,whisperx-gateway,0,6,6,0.05,0.0,0.13,2.4101,0.05,-0.08,0.18,0.0,0.0,0.0,0.16,0.23,0.0,0.31,6,0.0,0.0,0.0,0.0021,0.0,0.0,0.0,0.0,0.0,0.0,0.0,0.0,0.0,0.0
3,4,whisperx-0,1,6,6,0.74,0.63,0.83,1.1227,0.34,-0.13,1.61,0.01,1.24,1.22,1.59,1.76,0.0,1.93,6,2.39,2.38,0.03,0.0135,0.01,2.36,2.42,2.36,2.42,0.06,2.43,2.43,2.36,2.43
3,4,whisperx-1,2,6,6,1.12,1.23,0.55,0.4964,0.23,0.54,1.7,1.15,1.4,0.25,1.53,1.57,0.04,1.61,6,3.96,3.96,0.0,0.0001,0.0,3.96,3.96,3.96,3.96,0.0,3.96,3.96,3.96,3.96
3,4,whisperx-gateway,0,6,6,0.03,0.0,0.07,2.3509,0.03,-0.04,0.1,0.0,0.0,0.0,0.09,0.13,0.0,0.17,6,0.0,0.0,0.0,0.1627,0.0,0.0,0.0,0.0,0.0,0.0,0.0,0.0,0.0,0.0
3,5,whisperx-0,1,6,6,0.83,0.62,0.97,1.1685,0.39,-0.19,1.84,0.0,1.4,1.4,1.86,2.06,0.0,2.26,6,2.39,2.38,0.04,0.0175,0.02,2.35,2.44,2.36,2.41,0.04,2.44,2.46,2.36,2.47
3,5,whisperx-1,2,6,6,1.56,1.58,0.94,0.5997,0.38,0.58,2.54,1.3,2.12,0.82,2.5,2.6,0.0,2.7,6,3.96,3.96,0.0,0.0,0.0,3.96,3.96,3.96,3.96,0.0,3.96,3.96,3.96,3.96
3,5,whisperx-gateway,0,6,6,0.0,0.0,0.01,2.4495,0.0,-0.01,0.02,0.0,0.0,0.0,0.01,0.02,0.0,0.03,6,0.0,0.0,0.0,0.0026,0.0,0.0,0.0,0.0,0.0,0.0,0.0,0.0,0.0,0.0
4,1,whisperx-0,2,7,7,1.23,1.24,0.34,0.277,0.13,0.92,1.55,1.1,1.26,0.16,1.52,1.71,0.77,1.9,7,2.37,2.34,0.06,0.0252,0.02,2.32,2.43,2.34,2.39,0.05,2.43,2.46,2.31,2.49
4,1,whisperx-1,2,7,7,1.21,1.23,0.25,0.2066,0.09,0.98,1.44,1.1,1.34,0.24,1.49,1.53,0.8,1.57,7,3.96,3.96,0.0,0.0001,0.0,3.96,3.96,3.96,3.96,0.0,3.96,3.96,3.96,3.96
4,1,whisperx-gateway,0,7,7,0.0,0.0,0.0,0.394,0.0,0.0,0.0,0.0,0.0,0.0,0.0,0.0,0.0,0.0,7,0.0,0.0,0.0,0.0026,0.0,0.0,0.0,0.0,0.0,0.0,0.0,0.0,0.0,0.0
4,2,whisperx-0,2,7,7,1.26,1.22,0.23,0.1846,0.09,1.04,1.47,1.13,1.24,0.1,1.45,1.61,1.1,1.77,7,2.39,2.4,0.07,0.0297,0.03,2.33,2.46,2.33,2.44,0.11,2.48,2.48,2.31,2.48
4,2,whisperx-1,2,7,7,1.24,1.21,0.22,0.1738,0.08,1.04,1.44,1.13,1.23,0.1,1.43,1.57,1.08,1.72,7,3.97,3.96,0.0,0.0001,0.0,3.96,3.97,3.96,3.97,0.0,3.97,3.97,3.96,3.97
4,2,whisperx-gateway,0,7,7,0.0,0.0,0.0,1.3942,0.0,-0.0,0.0,0.0,0.0,0.0,0.0,0.0,0.0,0.0,7,0.0,0.0,0.0,0.0264,0.0,0.0,0.0,0.0,0.0,0.0,0.0,0.0,0.0,0.0
4,3,whisperx-0,2,7,7,1.39,1.31,0.31,0.2195,0.12,1.11,1.68,1.21,1.44,0.23,1.69,1.86,1.12,2.03,7,2.42,2.41,0.07,0.0281,0.03,2.35,2.48,2.37,2.48,0.11,2.48,2.48,2.33,2.48
4,3,whisperx-1,2,7,7,1.41,1.24,0.37,0.2661,0.14,1.06,1.75,1.22,1.41,0.19,1.76,1.99,1.12,2.22,7,3.97,3.97,0.0,0.0,0.0,3.97,3.97,3.97,3.97,0.0,3.97,3.97,3.97,3.97
4,3,whisperx-gateway,0,7,7,0.06,0.0,0.15,2.5731,0.06,-0.08,0.2,0.0,0.0,0.0,0.16,0.28,0.0,0.4,7,0.0,0.0,0.0,0.0016,0.0,0.0,0.0,0.0,0.0,0.0,0.0,0.0,0.0,0.0
4,4,whisperx-0,2,7,7,1.35,1.24,0.7,0.5228,0.27,0.7,2.0,1.24,1.74,0.5,2.02,2.13,0.0,2.24,7,2.43,2.48,0.08,0.0314,0.03,2.36,2.5,2.38,2.48,0.1,2.48,2.48,2.31,2.48
4,4,whisperx-1,2,7,7,1.26,1.24,0.64,0.5064,0.24,0.67,1.86,1.24,1.38,0.14,1.8,2.04,0.09,2.28,7,3.97,3.97,0.0,0.0003,0.0,3.97,3.97,3.97,3.97,0.0,3.97,3.97,3.97,3.97
4,4,whisperx-gateway,0,7,7,0.02,0.0,0.06,2.4992,0.02,-0.03,0.07,0.0,0.0,0.0,0.06,0.11,0.0,0.15,7,0.0,0.0,0.0,0.128,0.0,0.0,0.0,0.0,0.0,0.0,0.0,0.0,0.0,0.0
4,5,whisperx-0,2,7,7,1.23,1.23,0.66,0.5356,0.25,0.62,1.83,1.17,1.4,0.23,1.82,2.01,0.0,2.21,7,2.4,2.41,0.06,0.0271,0.02,2.34,2.46,2.33,2.45,0.11,2.47,2.48,2.33,2.49
4,5,whisperx-1,2,7,7,1.2,1.23,0.65,0.5433,0.25,0.6,1.8,1.12,1.35,0.24,1.77,1.99,0.0,2.21,7,3.97,3.97,0.0,0.0001,0.0,3.97,3.97,3.97,3.97,0.0,3.97,3.97,3.97,3.97
4,5,whisperx-gateway,0,7,7,0.0,0.0,0.0,1.7078,0.0,-0.0,0.0,0.0,0.0,0.0,0.0,0.0,0.0,0.0,7,0.0,0.0,0.0,0.0031,0.0,0.0,0.0,0.0,0.0,0.0,0.0,0.0,0.0,0.0
